Contig10660,747
Contig11136,753
737460_soapGraphK31,734
283924_soapGraphK61,812
531897_soapGraphK41,560
541941_soapGraphK41,672
276485_soapGraphK61,675
532711_soapGraphK41,567
298426_soapGraphK61,2277
291638_soapGraphK61,1099
400902_soapGraphK51,975
399908_soapGraphK51,941
279935_soapGraphK61,732
263121_soapGraphK61,533
396232_soapGraphK51,840
277905_soapGraphK61,697
374200_soapGraphK51,538
394994_soapGraphK51,811
285498_soapGraphK61,853
386742_soapGraphK51,666
279911_soapGraphK61,731
259213_soapGraphK61,505
268187_soapGraphK61,576
Contig6616,912
389092_soapGraphK51,700
292428_soapGraphK61,1154
Contig10468,1010
723459_soapGraphK31,561
Contig11337,838
Contig11335,820
295852_soapGraphK61,1510
533181_soapGraphK41,572
265975_soapGraphK61,556
280201_soapGraphK61,736
267701_soapGraphK61,572
370722_soapGraphK51,513
373140_soapGraphK51,530
536679_soapGraphK41,608
551817_soapGraphK41,859
553907_soapGraphK41,915
288982_soapGraphK61,970
261697_soapGraphK61,522
262453_soapGraphK61,528
380752_soapGraphK51,596
276939_soapGraphK61,682
270197_soapGraphK61,597
546241_soapGraphK41,740
Contig10146,523
388902_soapGraphK51,697
524407_soapGraphK41,501
266941_soapGraphK61,565
260227_soapGraphK61,512
389820_soapGraphK51,711
373160_soapGraphK51,530
269267_soapGraphK61,588
406912_soapGraphK51,1297
Contig397,705
388828_soapGraphK51,696
284626_soapGraphK61,829
264119_soapGraphK61,541
273801_soapGraphK61,639
263625_soapGraphK61,537
Contig12373,1725
284724_soapGraphK61,832
390918_soapGraphK51,730
400070_soapGraphK51,946
291260_soapGraphK61,1076
266749_soapGraphK61,563
291228_soapGraphK61,1074
373004_soapGraphK51,529
274611_soapGraphK61,649
269033_soapGraphK61,585
553105_soapGraphK41,893
Contig11784,1021
Contig11789,1026
387656_soapGraphK51,679
545999_soapGraphK41,735
286874_soapGraphK61,897
278553_soapGraphK61,707
395048_soapGraphK51,812
283732_soapGraphK61,808
284230_soapGraphK61,819
400616_soapGraphK51,964
284408_soapGraphK61,823
385842_soapGraphK51,654
547025_soapGraphK41,754
389890_soapGraphK51,712
385200_soapGraphK51,646
273781_soapGraphK61,639
278781_soapGraphK61,712
391726_soapGraphK51,745
392528_soapGraphK51,760
278643_soapGraphK61,709
283124_soapGraphK61,794
534933_soapGraphK41,590
268609_soapGraphK61,581
530496_soapGraphK41,548
389456_soapGraphK51,706
Contig2301,571
Contig2306,571
382346_soapGraphK51,613
547761_soapGraphK41,769
397934_soapGraphK51,883
292874_soapGraphK61,1188
277009_soapGraphK61,683
376590_soapGraphK51,558
291154_soapGraphK61,1070
548029_soapGraphK41,774
278759_soapGraphK61,711
282662_soapGraphK61,784
Contig6816,2987
298676_soapGraphK61,2454
401150_soapGraphK51,984
275959_soapGraphK61,668
Contig12507,2109
279787_soapGraphK61,729
379766_soapGraphK51,587
294346_soapGraphK61,1311
292486_soapGraphK61,1160
269849_soapGraphK61,594
525311_soapGraphK41,508
295164_soapGraphK61,1414
371448_soapGraphK51,518
Contig11422,854
266279_soapGraphK61,559
278177_soapGraphK61,702
Contig11756,1575
258819_soapGraphK61,502
370852_soapGraphK51,513
383110_soapGraphK51,622
293078_soapGraphK61,1203
286140_soapGraphK61,873
396652_soapGraphK51,849
281824_soapGraphK61,766
535883_soapGraphK41,599
394584_soapGraphK51,803
524775_soapGraphK41,504
533773_soapGraphK41,578
724845_soapGraphK31,573
292870_soapGraphK61,1188
289140_soapGraphK61,977
270055_soapGraphK61,595
263175_soapGraphK61,533
292766_soapGraphK61,1179
Contig3774,1450
270613_soapGraphK61,602
291150_soapGraphK61,1070
262879_soapGraphK61,531
718067_soapGraphK31,518
373628_soapGraphK51,534
534055_soapGraphK41,581
282486_soapGraphK61,779
383030_soapGraphK51,621
268013_soapGraphK61,575
271987_soapGraphK61,617
386374_soapGraphK51,661
278833_soapGraphK61,712
370050_soapGraphK51,508
390790_soapGraphK51,728
391992_soapGraphK51,750
282660_soapGraphK61,784
Contig12712,5123
284668_soapGraphK61,830
381628_soapGraphK51,605
276137_soapGraphK61,670
278821_soapGraphK61,712
370896_soapGraphK51,514
404144_soapGraphK51,1116
277537_soapGraphK61,691
295402_soapGraphK61,1445
Contig11678,972
270557_soapGraphK61,601
287238_soapGraphK61,909
296610_soapGraphK61,1639
265429_soapGraphK61,552
264109_soapGraphK61,540
530872_soapGraphK41,551
260715_soapGraphK61,515
380486_soapGraphK51,594
396424_soapGraphK51,844
282758_soapGraphK61,786
544923_soapGraphK41,716
546575_soapGraphK41,746
269427_soapGraphK61,589
292350_soapGraphK61,1148
258799_soapGraphK61,502
376614_soapGraphK51,558
383758_soapGraphK51,629
285184_soapGraphK61,844
384290_soapGraphK51,635
527591_soapGraphK41,525
274521_soapGraphK61,648
373182_soapGraphK51,530
283204_soapGraphK61,796
261471_soapGraphK61,520
397554_soapGraphK51,873
392466_soapGraphK51,759
283316_soapGraphK61,799
274769_soapGraphK61,651
530858_soapGraphK41,551
390210_soapGraphK51,718
278983_soapGraphK61,715
287728_soapGraphK61,923
403858_soapGraphK51,1102
298058_soapGraphK61,2067
375842_soapGraphK51,552
372248_soapGraphK51,524
536099_soapGraphK41,602
275079_soapGraphK61,656
267159_soapGraphK61,567
284472_soapGraphK61,825
531128_soapGraphK41,554
292768_soapGraphK61,1179
377858_soapGraphK51,569
264143_soapGraphK61,541
Contig10063,815
390510_soapGraphK51,723
397920_soapGraphK51,883
278487_soapGraphK61,707
262507_soapGraphK61,528
283600_soapGraphK61,805
379488_soapGraphK51,584
729581_soapGraphK31,624
279441_soapGraphK61,723
384338_soapGraphK51,636
553863_soapGraphK41,914
282026_soapGraphK61,770
284958_soapGraphK61,838
543157_soapGraphK41,689
294066_soapGraphK61,1286
Contig12581,2559
Contig12582,2571
Contig12586,2587
400638_soapGraphK51,965
266517_soapGraphK61,561
270497_soapGraphK61,601
Contig41305,846
263343_soapGraphK61,534
373992_soapGraphK51,536
406946_soapGraphK51,1299
296796_soapGraphK61,1679
391162_soapGraphK51,734
377610_soapGraphK51,567
282134_soapGraphK61,772
565215_soapGraphK41,1616
528118_soapGraphK41,529
Contig10512,589
276593_soapGraphK61,677
Contig10519,590
398222_soapGraphK51,892
299358_soapGraphK61,3186
386634_soapGraphK51,665
260541_soapGraphK61,514
388328_soapGraphK51,689
542109_soapGraphK41,674
295696_soapGraphK61,1489
269225_soapGraphK61,587
295000_soapGraphK61,1396
389994_soapGraphK51,714
267289_soapGraphK61,568
276277_soapGraphK61,672
378062_soapGraphK51,570
539401_soapGraphK41,639
281212_soapGraphK61,754
716803_soapGraphK31,508
526345_soapGraphK41,515
379204_soapGraphK51,581
726117_soapGraphK31,586
387316_soapGraphK51,674
Contig41361,827
376362_soapGraphK51,556
290496_soapGraphK61,1036
264193_soapGraphK61,541
390244_soapGraphK51,718
528002_soapGraphK41,528
Contig6566,875
370022_soapGraphK51,508
369210_soapGraphK51,502
270367_soapGraphK61,599
377478_soapGraphK51,566
284950_soapGraphK61,838
529820_soapGraphK41,542
391864_soapGraphK51,748
259551_soapGraphK61,507
298404_soapGraphK61,2266
527912_soapGraphK41,527
Contig29187,580
Contig11959,1164
Contig11958,1162
Contig11956,1566
Contig11952,1158
258613_soapGraphK61,501
533005_soapGraphK41,570
379210_soapGraphK51,581
259501_soapGraphK61,507
295752_soapGraphK61,1496
375930_soapGraphK51,552
264823_soapGraphK61,547
403260_soapGraphK51,1071
293994_soapGraphK61,1280
406618_soapGraphK51,1274
Contig40750,564
388064_soapGraphK51,685
292382_soapGraphK61,1151
559545_soapGraphK41,1147
293848_soapGraphK61,1268
277939_soapGraphK61,698
Contig10493,605
377254_soapGraphK51,564
Contig11545,910
Contig11549,911
293520_soapGraphK61,1238
382458_soapGraphK51,614
749435_soapGraphK31,1057
373214_soapGraphK51,530
277947_soapGraphK61,698
375412_soapGraphK51,548
277701_soapGraphK61,694
392914_soapGraphK51,768
277389_soapGraphK61,689
291990_soapGraphK61,1121
551567_soapGraphK41,853
282636_soapGraphK61,783
260809_soapGraphK61,516
379636_soapGraphK51,586
392156_soapGraphK51,753
369720_soapGraphK51,505
377092_soapGraphK51,562
291374_soapGraphK61,1082
276807_soapGraphK61,680
394160_soapGraphK51,793
406956_soapGraphK51,1300
293004_soapGraphK61,1198
374722_soapGraphK51,543
295138_soapGraphK61,1411
268883_soapGraphK61,583
387964_soapGraphK51,684
379966_soapGraphK51,589
395462_soapGraphK51,822
529832_soapGraphK41,542
296776_soapGraphK61,1674
273593_soapGraphK61,636
272353_soapGraphK61,622
258583_soapGraphK61,500
259641_soapGraphK61,508
389316_soapGraphK51,704
378356_soapGraphK51,573
Contig12545,2390
385308_soapGraphK51,647
Contig10968,788
549225_soapGraphK41,798
268467_soapGraphK61,579
382580_soapGraphK51,616
272607_soapGraphK61,624
375488_soapGraphK51,549
289720_soapGraphK61,1000
267051_soapGraphK61,566
401888_soapGraphK51,1013
386568_soapGraphK51,663
399130_soapGraphK51,918
282428_soapGraphK61,778
385548_soapGraphK51,650
387898_soapGraphK51,683
266303_soapGraphK61,559
548337_soapGraphK41,780
536503_soapGraphK41,606
406768_soapGraphK51,1287
279403_soapGraphK61,722
Contig11733,996
283588_soapGraphK61,805
526887_soapGraphK41,519
534449_soapGraphK41,585
Contig38004,1569
717593_soapGraphK31,514
297132_soapGraphK61,1752
280697_soapGraphK61,746
274177_soapGraphK61,644
265635_soapGraphK61,553
403778_soapGraphK51,1097
373640_soapGraphK51,534
286698_soapGraphK61,891
373552_soapGraphK51,533
271921_soapGraphK61,616
277811_soapGraphK61,696
286566_soapGraphK61,886
388160_soapGraphK51,687
286280_soapGraphK61,878
259989_soapGraphK61,510
531718_soapGraphK41,559
398478_soapGraphK51,899
260395_soapGraphK61,513
378742_soapGraphK51,577
263565_soapGraphK61,536
275083_soapGraphK61,656
262771_soapGraphK61,530
400262_soapGraphK51,952
265109_soapGraphK61,549
733226_soapGraphK31,671
387540_soapGraphK51,677
276139_soapGraphK61,670
286328_soapGraphK61,879
289214_soapGraphK61,980
394744_soapGraphK51,806
403476_soapGraphK51,1081
395534_soapGraphK51,824
534565_soapGraphK41,586
289914_soapGraphK61,1007
280555_soapGraphK61,743
288666_soapGraphK61,956
373452_soapGraphK51,532
400546_soapGraphK51,961
Contig7267,2357
403850_soapGraphK51,1101
553173_soapGraphK41,895
389414_soapGraphK51,705
283652_soapGraphK61,806
412884_soapGraphK51,2502
258591_soapGraphK61,501
Contig50906,878
290510_soapGraphK61,1037
277969_soapGraphK61,699
377940_soapGraphK51,570
529434_soapGraphK41,539
281848_soapGraphK61,766
263805_soapGraphK61,538
271231_soapGraphK61,609
392094_soapGraphK51,752
259543_soapGraphK61,507
399312_soapGraphK51,923
408790_soapGraphK51,1484
284970_soapGraphK61,838
375948_soapGraphK51,553
260399_soapGraphK61,513
294090_soapGraphK61,1288
273139_soapGraphK61,631
289892_soapGraphK61,1006
Contig2752,697
261053_soapGraphK61,518
536741_soapGraphK41,609
283066_soapGraphK61,793
385800_soapGraphK51,653
399656_soapGraphK51,933
378158_soapGraphK51,571
282440_soapGraphK61,778
273167_soapGraphK61,631
278597_soapGraphK61,708
282844_soapGraphK61,788
374042_soapGraphK51,537
279335_soapGraphK61,721
259877_soapGraphK61,510
546149_soapGraphK41,738
278671_soapGraphK61,710
393190_soapGraphK51,773
283024_soapGraphK61,792
288366_soapGraphK61,945
386430_soapGraphK51,661
259495_soapGraphK61,507
258449_soapGraphK61,500
373986_soapGraphK51,536
282330_soapGraphK61,776
264827_soapGraphK61,547
281518_soapGraphK61,760
369226_soapGraphK51,502
278613_soapGraphK61,709
398492_soapGraphK51,900
544053_soapGraphK41,702
376690_soapGraphK51,559
278387_soapGraphK61,705
384092_soapGraphK51,633
284128_soapGraphK61,817
406504_soapGraphK51,1263
296682_soapGraphK61,1651
274807_soapGraphK61,652
386036_soapGraphK51,656
386432_soapGraphK51,661
371318_soapGraphK51,517
290578_soapGraphK61,1040
374466_soapGraphK51,540
Contig35172,1560
525741_soapGraphK41,511
402118_soapGraphK51,1023
289438_soapGraphK61,988
267787_soapGraphK61,572
297196_soapGraphK61,1765
283616_soapGraphK61,805
292524_soapGraphK61,1163
Contig2095,527
277647_soapGraphK61,693
274993_soapGraphK61,654
371788_soapGraphK51,520
285312_soapGraphK61,848
542667_soapGraphK41,682
295748_soapGraphK61,1495
542493_soapGraphK41,679
383014_soapGraphK51,621
271827_soapGraphK61,615
263431_soapGraphK61,535
404960_soapGraphK51,1158
Contig12694,3762
Contig6162,672
280037_soapGraphK61,733
262539_soapGraphK61,528
275117_soapGraphK61,656
392278_soapGraphK51,755
528656_soapGraphK41,533
387176_soapGraphK51,672
372690_soapGraphK51,527
390436_soapGraphK51,721
372666_soapGraphK51,526
268543_soapGraphK61,580
294602_soapGraphK61,1344
274019_soapGraphK61,641
740542_soapGraphK31,794
296156_soapGraphK61,1555
737000_soapGraphK31,727
383000_soapGraphK51,620
385494_soapGraphK51,650
533365_soapGraphK41,574
270511_soapGraphK61,601
298218_soapGraphK61,2153
371232_soapGraphK51,516
396050_soapGraphK51,836
Contig48617,631
370244_soapGraphK51,509
278587_soapGraphK61,708
286996_soapGraphK61,901
550699_soapGraphK41,832
259203_soapGraphK61,505
289608_soapGraphK61,995
372208_soapGraphK51,523
268267_soapGraphK61,577
260095_soapGraphK61,511
369948_soapGraphK51,507
294196_soapGraphK61,1298
286502_soapGraphK61,884
281722_soapGraphK61,764
Contig3467,1039
Contig2597,650
293128_soapGraphK61,1205
546773_soapGraphK41,749
392192_soapGraphK51,754
402594_soapGraphK51,1042
541345_soapGraphK41,664
398122_soapGraphK51,888
287320_soapGraphK61,911
370670_soapGraphK51,512
260667_soapGraphK61,515
Contig7198,1827
258997_soapGraphK61,503
397970_soapGraphK51,884
399572_soapGraphK51,931
267035_soapGraphK61,566
379776_soapGraphK51,587
260277_soapGraphK61,512
526385_soapGraphK41,516
294560_soapGraphK61,1338
Contig10309,549
288062_soapGraphK61,934
294298_soapGraphK61,1307
393988_soapGraphK51,790
399272_soapGraphK51,921
388492_soapGraphK51,691
Contig11168,763
544279_soapGraphK41,706
297452_soapGraphK61,1833
275403_soapGraphK61,660
396942_soapGraphK51,857
293262_soapGraphK61,1215
373610_soapGraphK51,533
272525_soapGraphK61,624
526563_soapGraphK41,517
563145_soapGraphK41,1399
276755_soapGraphK61,679
272231_soapGraphK61,620
537329_soapGraphK41,615
531562_soapGraphK41,558
263005_soapGraphK61,532
387824_soapGraphK51,682
392734_soapGraphK51,764
369994_soapGraphK51,507
294544_soapGraphK61,1337
385226_soapGraphK51,646
273575_soapGraphK61,636
Contig34631,2076
375558_soapGraphK51,550
376592_soapGraphK51,558
385362_soapGraphK51,648
389554_soapGraphK51,707
291606_soapGraphK61,1097
404036_soapGraphK51,1112
382002_soapGraphK51,609
Contig11364,831
397026_soapGraphK51,859
394576_soapGraphK51,802
Contig12188,1409
Contig11981,1182
544141_soapGraphK41,704
534563_soapGraphK41,586
284158_soapGraphK61,817
409984_soapGraphK51,1646
293314_soapGraphK61,1219
Contig10113,518
381510_soapGraphK51,604
737176_soapGraphK31,729
262139_soapGraphK61,526
285924_soapGraphK61,867
544347_soapGraphK41,707
284172_soapGraphK61,817
Contig2140,537
540263_soapGraphK41,650
298172_soapGraphK61,2127
381904_soapGraphK51,608
397172_soapGraphK51,863
266959_soapGraphK61,565
268711_soapGraphK61,582
268331_soapGraphK61,578
Contig7305,3453
400078_soapGraphK51,946
275633_soapGraphK61,663
275349_soapGraphK61,659
552079_soapGraphK41,866
403872_soapGraphK51,1103
537353_soapGraphK41,616
277719_soapGraphK61,694
283178_soapGraphK61,795
403792_soapGraphK51,1098
274771_soapGraphK61,651
Contig11084,734
391624_soapGraphK51,743
397170_soapGraphK51,862
288310_soapGraphK61,943
291576_soapGraphK61,1095
296718_soapGraphK61,1664
382122_soapGraphK51,610
282320_soapGraphK61,776
296408_soapGraphK61,1599
271695_soapGraphK61,614
294182_soapGraphK61,1296
404826_soapGraphK51,1150
290230_soapGraphK61,1022
405218_soapGraphK51,1176
271973_soapGraphK61,617
287854_soapGraphK61,928
276077_soapGraphK61,670
391072_soapGraphK51,732
270115_soapGraphK61,596
286850_soapGraphK61,896
388802_soapGraphK51,696
398702_soapGraphK51,905
291816_soapGraphK61,1110
293166_soapGraphK61,1207
534799_soapGraphK41,588
378906_soapGraphK51,578
528802_soapGraphK41,534
280899_soapGraphK61,749
380844_soapGraphK51,597
370074_soapGraphK51,508
393008_soapGraphK51,770
375438_soapGraphK51,549
740044_soapGraphK31,784
717509_soapGraphK31,513
372536_soapGraphK51,526
380288_soapGraphK51,592
272431_soapGraphK61,623
527025_soapGraphK41,521
271615_soapGraphK61,613
298628_soapGraphK61,2424
261861_soapGraphK61,523
Contig7113,1551
395744_soapGraphK51,828
534909_soapGraphK41,589
538799_soapGraphK41,632
279411_soapGraphK61,722
Contig40660,948
267239_soapGraphK61,568
265249_soapGraphK61,550
385220_soapGraphK51,646
382116_soapGraphK51,610
374236_soapGraphK51,539
Contig11473,872
373662_soapGraphK51,534
378844_soapGraphK51,578
268789_soapGraphK61,582
375408_soapGraphK51,548
286650_soapGraphK61,890
Contig10103,553
406016_soapGraphK51,1226
280247_soapGraphK61,737
524605_soapGraphK41,502
739038_soapGraphK31,764
278111_soapGraphK61,701
396568_soapGraphK51,847
390114_soapGraphK51,716
288186_soapGraphK61,939
401738_soapGraphK51,1007
381042_soapGraphK51,599
276299_soapGraphK61,673
294226_soapGraphK61,1299
392982_soapGraphK51,769
292106_soapGraphK61,1130
376688_soapGraphK51,559
385812_soapGraphK51,654
395470_soapGraphK51,822
275833_soapGraphK61,666
Contig9667,1618
374088_soapGraphK51,537
379700_soapGraphK51,587
378466_soapGraphK51,574
381618_soapGraphK51,605
527249_soapGraphK41,522
279595_soapGraphK61,726
283308_soapGraphK61,799
275015_soapGraphK61,655
538781_soapGraphK41,632
383746_soapGraphK51,629
283874_soapGraphK61,811
405502_soapGraphK51,1192
Contig6948,1222
289756_soapGraphK61,1001
396742_soapGraphK51,852
267961_soapGraphK61,574
526901_soapGraphK41,520
Contig6814,1193
280563_soapGraphK61,743
283532_soapGraphK61,803
296266_soapGraphK61,1576
278039_soapGraphK61,700
Contig10199,533
287330_soapGraphK61,912
385378_soapGraphK51,648
289864_soapGraphK61,1006
368868_soapGraphK51,500
288018_soapGraphK61,933
372496_soapGraphK51,525
390494_soapGraphK51,722
289764_soapGraphK61,1002
259765_soapGraphK61,509
286262_soapGraphK61,877
266029_soapGraphK61,557
Contig11265,796
277319_soapGraphK61,688
396740_soapGraphK51,852
258805_soapGraphK61,502
390768_soapGraphK51,727
296326_soapGraphK61,1586
270397_soapGraphK61,599
544969_soapGraphK41,717
372194_soapGraphK51,523
401140_soapGraphK51,983
387928_soapGraphK51,684
290598_soapGraphK61,1041
261515_soapGraphK61,521
Contig6749,1316
401724_soapGraphK51,1006
281556_soapGraphK61,761
368930_soapGraphK51,500
286182_soapGraphK61,875
412484_soapGraphK51,2299
272957_soapGraphK61,628
Contig11848,1062
386248_soapGraphK51,659
280331_soapGraphK61,739
528720_soapGraphK41,533
374024_soapGraphK51,537
374556_soapGraphK51,541
383284_soapGraphK51,624
533759_soapGraphK41,578
400836_soapGraphK51,972
728859_soapGraphK31,614
295756_soapGraphK61,1496
282616_soapGraphK61,783
265615_soapGraphK61,553
566141_soapGraphK41,1757
Contig11761,1007
408130_soapGraphK51,1409
294278_soapGraphK61,1306
378602_soapGraphK51,575
283698_soapGraphK61,807
396114_soapGraphK51,837
537439_soapGraphK41,617
526147_soapGraphK41,514
371638_soapGraphK51,519
394256_soapGraphK51,795
405466_soapGraphK51,1190
293696_soapGraphK61,1256
402774_soapGraphK51,1049
389850_soapGraphK51,711
373958_soapGraphK51,536
293464_soapGraphK61,1233
295088_soapGraphK61,1406
267103_soapGraphK61,567
290634_soapGraphK61,1043
719733_soapGraphK31,530
264599_soapGraphK61,545
387254_soapGraphK51,673
267049_soapGraphK61,566
296672_soapGraphK61,1650
275667_soapGraphK61,663
Contig10569,680
286292_soapGraphK61,878
293146_soapGraphK61,1206
396402_soapGraphK51,844
526271_soapGraphK41,515
Contig7257,2263
276421_soapGraphK61,674
539427_soapGraphK41,639
377530_soapGraphK51,566
268977_soapGraphK61,584
294186_soapGraphK61,1296
404076_soapGraphK51,1114
397430_soapGraphK51,870
264507_soapGraphK61,544
396206_soapGraphK51,839
386986_soapGraphK51,670
Contig10605,610
264307_soapGraphK61,542
539065_soapGraphK41,636
260581_soapGraphK61,514
289652_soapGraphK61,997
258955_soapGraphK61,503
719283_soapGraphK31,526
Contig3788,1472
377944_soapGraphK51,570
278735_soapGraphK61,711
282742_soapGraphK61,785
274371_soapGraphK61,646
374412_soapGraphK51,540
380606_soapGraphK51,595
399030_soapGraphK51,915
298160_soapGraphK61,2121
Contig12456,1914
Contig12451,1899
384346_soapGraphK51,636
265487_soapGraphK61,552
397072_soapGraphK51,860
380488_soapGraphK51,594
295158_soapGraphK61,1413
721529_soapGraphK31,545
275333_soapGraphK61,659
276781_soapGraphK61,679
Contig11533,904
279085_soapGraphK61,717
Contig11398,842
369342_soapGraphK51,503
292772_soapGraphK61,1180
293042_soapGraphK61,1201
375568_soapGraphK51,550
263469_soapGraphK61,535
Contig9085,659
528018_soapGraphK41,528
387298_soapGraphK51,674
407084_soapGraphK51,1312
371280_soapGraphK51,516
376992_soapGraphK51,561
278753_soapGraphK61,711
292448_soapGraphK61,1157
531372_soapGraphK41,556
398434_soapGraphK51,898
387014_soapGraphK51,670
260893_soapGraphK61,517
282056_soapGraphK61,771
405806_soapGraphK51,1212
264951_soapGraphK61,548
390008_soapGraphK51,714
260527_soapGraphK61,514
721427_soapGraphK31,543
263029_soapGraphK61,532
288740_soapGraphK61,960
388952_soapGraphK51,698
371924_soapGraphK51,521
732638_soapGraphK31,662
527822_soapGraphK41,527
281870_soapGraphK61,767
294158_soapGraphK61,1294
263843_soapGraphK61,538
398846_soapGraphK51,909
261325_soapGraphK61,519
385466_soapGraphK51,649
261143_soapGraphK61,518
264569_soapGraphK61,545
388734_soapGraphK51,695
Contig12647,3138
383330_soapGraphK51,624
Contig6152,669
285090_soapGraphK61,841
269899_soapGraphK61,594
292642_soapGraphK61,1171
399894_soapGraphK51,940
373932_soapGraphK51,536
560033_soapGraphK41,1176
384748_soapGraphK51,640
298360_soapGraphK61,2243
285574_soapGraphK61,856
398034_soapGraphK51,887
381606_soapGraphK51,605
531160_soapGraphK41,554
546829_soapGraphK41,751
390660_soapGraphK51,725
289974_soapGraphK61,1010
389632_soapGraphK51,708
398542_soapGraphK51,901
288220_soapGraphK61,940
378320_soapGraphK51,573
264571_soapGraphK61,545
284812_soapGraphK61,834
388174_soapGraphK51,687
277917_soapGraphK61,698
402556_soapGraphK51,1040
527549_soapGraphK41,525
277609_soapGraphK61,693
Contig3418,1017
282326_soapGraphK61,776
543625_soapGraphK41,696
Contig5158,824
277921_soapGraphK61,698
375390_soapGraphK51,548
283014_soapGraphK61,792
277425_soapGraphK61,689
403662_soapGraphK51,1090
Contig10875,671
278329_soapGraphK61,704
373108_soapGraphK51,530
718943_soapGraphK31,524
296044_soapGraphK61,1538
258909_soapGraphK61,503
265147_soapGraphK61,549
373918_soapGraphK51,536
531602_soapGraphK41,558
268739_soapGraphK61,582
282478_soapGraphK61,779
530586_soapGraphK41,549
Contig12566,2486
285946_soapGraphK61,868
371490_soapGraphK51,518
280417_soapGraphK61,740
391332_soapGraphK51,737
Contig5838,1297
411648_soapGraphK51,1998
524223_soapGraphK41,500
280451_soapGraphK61,741
277795_soapGraphK61,695
Contig10689,630
293142_soapGraphK61,1206
398496_soapGraphK51,900
368932_soapGraphK51,500
404978_soapGraphK51,1159
534439_soapGraphK41,585
393732_soapGraphK51,784
386246_soapGraphK51,659
391598_soapGraphK51,743
372222_soapGraphK51,523
265853_soapGraphK61,555
296558_soapGraphK61,1624
267003_soapGraphK61,566
396196_soapGraphK51,839
268211_soapGraphK61,577
281522_soapGraphK61,761
385660_soapGraphK51,652
383750_soapGraphK51,629
377052_soapGraphK51,562
530996_soapGraphK41,553
275445_soapGraphK61,660
405684_soapGraphK51,1203
378868_soapGraphK51,578
389244_soapGraphK51,703
271161_soapGraphK61,608
281656_soapGraphK61,763
385794_soapGraphK51,653
Contig6585,889
266741_soapGraphK61,563
Contig6633,923
534245_soapGraphK41,583
Contig5588,507
292610_soapGraphK61,1168
Contig10445,575
281184_soapGraphK61,754
544197_soapGraphK41,705
399774_soapGraphK51,936
Contig49136,839
268361_soapGraphK61,578
530214_soapGraphK41,545
285430_soapGraphK61,851
268343_soapGraphK61,578
394330_soapGraphK51,797
286884_soapGraphK61,898
Contig12159,1362
261425_soapGraphK61,520
387786_soapGraphK51,681
731798_soapGraphK31,651
386360_soapGraphK51,660
543155_soapGraphK41,689
294396_soapGraphK61,1317
284846_soapGraphK61,835
265307_soapGraphK61,551
527101_soapGraphK41,521
402454_soapGraphK51,1035
Contig12026,2554
526439_soapGraphK41,516
289160_soapGraphK61,978
374596_soapGraphK51,542
267537_soapGraphK61,570
273533_soapGraphK61,636
260665_soapGraphK61,515
272685_soapGraphK61,625
388562_soapGraphK51,692
384840_soapGraphK51,642
541295_soapGraphK41,664
371080_soapGraphK51,515
292980_soapGraphK61,1197
373474_soapGraphK51,533
297402_soapGraphK61,1818
546323_soapGraphK41,742
Contig10470,623
371156_soapGraphK51,516
281046_soapGraphK61,752
390286_soapGraphK51,719
382236_soapGraphK51,612
268309_soapGraphK61,578
406656_soapGraphK51,1277
396878_soapGraphK51,855
372906_soapGraphK51,528
290146_soapGraphK61,1018
393620_soapGraphK51,782
386122_soapGraphK51,657
548635_soapGraphK41,786
718623_soapGraphK31,521
369316_soapGraphK51,503
277685_soapGraphK61,694
260645_soapGraphK61,515
284180_soapGraphK61,818
265157_soapGraphK61,549
293462_soapGraphK61,1233
380614_soapGraphK51,595
293312_soapGraphK61,1219
288972_soapGraphK61,970
392632_soapGraphK51,762
382750_soapGraphK51,618
536747_soapGraphK41,609
375760_soapGraphK51,551
382046_soapGraphK51,609
543357_soapGraphK41,692
374036_soapGraphK51,537
280982_soapGraphK61,751
543573_soapGraphK41,695
283730_soapGraphK61,808
288314_soapGraphK61,943
275325_soapGraphK61,659
740378_soapGraphK31,790
260897_soapGraphK61,517
394468_soapGraphK51,800
260479_soapGraphK61,514
280493_soapGraphK61,742
283042_soapGraphK61,792
288390_soapGraphK61,946
292574_soapGraphK61,1165
272509_soapGraphK61,624
Contig3147,1146
Contig3149,844
279559_soapGraphK61,725
278215_soapGraphK61,702
272395_soapGraphK61,622
379880_soapGraphK51,588
290768_soapGraphK61,1048
381756_soapGraphK51,606
277251_soapGraphK61,687
546309_soapGraphK41,741
377250_soapGraphK51,564
407650_soapGraphK51,1364
275363_soapGraphK61,659
288680_soapGraphK61,957
387296_soapGraphK51,674
262407_soapGraphK61,527
268623_soapGraphK61,581
380710_soapGraphK51,596
397092_soapGraphK51,861
292438_soapGraphK61,1156
Contig11403,843
391404_soapGraphK51,739
282792_soapGraphK61,787
266269_soapGraphK61,559
268189_soapGraphK61,576
404976_soapGraphK51,1159
297388_soapGraphK61,1814
265819_soapGraphK61,555
285938_soapGraphK61,867
410656_soapGraphK51,1762
275131_soapGraphK61,656
264105_soapGraphK61,540
284322_soapGraphK61,821
378228_soapGraphK51,572
Contig6502,846
278369_soapGraphK61,705
276183_soapGraphK61,671
298406_soapGraphK61,2268
274543_soapGraphK61,648
293712_soapGraphK61,1257
262077_soapGraphK61,525
407170_soapGraphK51,1318
381982_soapGraphK51,609
408250_soapGraphK51,1421
291056_soapGraphK61,1065
540595_soapGraphK41,654
265563_soapGraphK61,553
380634_soapGraphK51,595
374946_soapGraphK51,545
299484_soapGraphK61,3407
Contig12481,2007
Contig12485,2020
282634_soapGraphK61,783
293060_soapGraphK61,1201
297622_soapGraphK61,1891
540581_soapGraphK41,654
386888_soapGraphK51,669
380152_soapGraphK51,591
396854_soapGraphK51,854
271217_soapGraphK61,609
736904_soapGraphK31,725
399420_soapGraphK51,926
401608_soapGraphK51,1001
284548_soapGraphK61,827
276719_soapGraphK61,678
Contig11610,936
396478_soapGraphK51,845
268111_soapGraphK61,576
262433_soapGraphK61,528
278191_soapGraphK61,702
373366_soapGraphK51,532
270753_soapGraphK61,603
531672_soapGraphK41,559
388084_soapGraphK51,685
373484_soapGraphK51,533
262463_soapGraphK61,528
379388_soapGraphK51,583
528202_soapGraphK41,530
264411_soapGraphK61,543
390140_soapGraphK51,716
Contig9079,522
258979_soapGraphK61,503
548989_soapGraphK41,793
723591_soapGraphK31,562
264027_soapGraphK61,540
291562_soapGraphK61,1093
260955_soapGraphK61,517
378414_soapGraphK51,574
266479_soapGraphK61,560
270173_soapGraphK61,597
279331_soapGraphK61,721
390944_soapGraphK51,730
544161_soapGraphK41,704
284780_soapGraphK61,833
393302_soapGraphK51,776
397978_soapGraphK51,885
556985_soapGraphK41,1021
258991_soapGraphK61,503
296568_soapGraphK61,1630
Contig12574,2524
539733_soapGraphK41,643
Contig10988,705
394430_soapGraphK51,799
268439_soapGraphK61,579
396396_soapGraphK51,844
404536_soapGraphK51,1137
286548_soapGraphK61,885
289854_soapGraphK61,1005
369688_soapGraphK51,505
267877_soapGraphK61,573
373134_soapGraphK51,530
283830_soapGraphK61,810
278087_soapGraphK61,700
369384_soapGraphK51,503
281366_soapGraphK61,758
263883_soapGraphK61,539
259891_soapGraphK61,510
289676_soapGraphK61,998
287666_soapGraphK61,921
289016_soapGraphK61,971
293284_soapGraphK61,1217
276295_soapGraphK61,673
378452_soapGraphK51,574
383830_soapGraphK51,630
371880_soapGraphK51,521
262633_soapGraphK61,529
392970_soapGraphK51,769
372320_soapGraphK51,524
376692_soapGraphK51,559
274851_soapGraphK61,653
285394_soapGraphK61,850
370346_soapGraphK51,510
379520_soapGraphK51,584
286664_soapGraphK61,890
296324_soapGraphK61,1586
295916_soapGraphK61,1519
373698_soapGraphK51,534
282066_soapGraphK61,771
388928_soapGraphK51,698
Contig12210,1436
527717_soapGraphK41,526
527960_soapGraphK41,528
260047_soapGraphK61,511
526273_soapGraphK41,515
547433_soapGraphK41,762
384248_soapGraphK51,635
539363_soapGraphK41,639
386206_soapGraphK51,658
258985_soapGraphK61,503
280988_soapGraphK61,751
533877_soapGraphK41,579
264779_soapGraphK61,546
259701_soapGraphK61,508
379356_soapGraphK51,583
394062_soapGraphK51,791
388426_soapGraphK51,690
387142_soapGraphK51,672
543963_soapGraphK41,701
529658_soapGraphK41,541
555279_soapGraphK41,956
270891_soapGraphK61,605
387040_soapGraphK51,671
528370_soapGraphK41,531
266991_soapGraphK61,566
290830_soapGraphK61,1051
277169_soapGraphK61,685
Contig37544,2232
374766_soapGraphK51,543
386608_soapGraphK51,664
261609_soapGraphK61,521
372184_soapGraphK51,523
391738_soapGraphK51,746
Contig3067,808
273413_soapGraphK61,634
544477_soapGraphK41,709
269031_soapGraphK61,585
280701_soapGraphK61,746
284380_soapGraphK61,823
259165_soapGraphK61,504
260933_soapGraphK61,517
529618_soapGraphK41,541
281484_soapGraphK61,760
391392_soapGraphK51,739
273091_soapGraphK61,630
286418_soapGraphK61,881
Contig11970,1173
Contig11973,1275
566595_soapGraphK41,1826
537053_soapGraphK41,613
Contig12403,1773
529138_soapGraphK41,536
279613_soapGraphK61,726
271625_soapGraphK61,613
Contig6066,638
263021_soapGraphK61,532
401506_soapGraphK51,998
293600_soapGraphK61,1248
383846_soapGraphK51,630
376948_soapGraphK51,561
264409_soapGraphK61,543
Contig11691,2142
274863_soapGraphK61,653
387326_soapGraphK51,674
377598_soapGraphK51,567
547823_soapGraphK41,770
286966_soapGraphK61,900
267397_soapGraphK61,569
287486_soapGraphK61,916
265523_soapGraphK61,552
525463_soapGraphK41,509
276189_soapGraphK61,671
279373_soapGraphK61,722
282108_soapGraphK61,771
273773_soapGraphK61,638
382392_soapGraphK51,613
379948_soapGraphK51,589
377152_soapGraphK51,563
376802_soapGraphK51,560
286636_soapGraphK61,889
284710_soapGraphK61,831
278171_soapGraphK61,702
528338_soapGraphK41,530
543643_soapGraphK41,696
297296_soapGraphK61,1786
277995_soapGraphK61,699
273037_soapGraphK61,629
389948_soapGraphK51,713
403162_soapGraphK51,1068
369382_soapGraphK51,503
290220_soapGraphK61,1021
384760_soapGraphK51,641
540781_soapGraphK41,656
549871_soapGraphK41,813
534485_soapGraphK41,585
369176_soapGraphK51,502
291730_soapGraphK61,1105
394272_soapGraphK51,796
Contig12670,3432
263993_soapGraphK61,540
547431_soapGraphK41,762
548505_soapGraphK41,783
541781_soapGraphK41,670
262097_soapGraphK61,525
394312_soapGraphK51,797
381470_soapGraphK51,603
279851_soapGraphK61,730
373006_soapGraphK51,529
524281_soapGraphK41,500
282016_soapGraphK61,770
382564_soapGraphK51,615
268405_soapGraphK61,579
533239_soapGraphK41,573
285464_soapGraphK61,852
371934_soapGraphK51,521
286634_soapGraphK61,889
290004_soapGraphK61,1011
281032_soapGraphK61,751
284664_soapGraphK61,830
370530_soapGraphK51,511
535187_soapGraphK41,592
380338_soapGraphK51,593
369440_soapGraphK51,504
274041_soapGraphK61,642
379238_soapGraphK51,582
386266_soapGraphK51,659
287380_soapGraphK61,913
393956_soapGraphK51,789
400996_soapGraphK51,977
275883_soapGraphK61,666
262591_soapGraphK61,529
Contig11840,1088
279627_soapGraphK61,727
274525_soapGraphK61,648
Contig6880,1136
268705_soapGraphK61,582
277041_soapGraphK61,684
391398_soapGraphK51,739
280189_soapGraphK61,736
380376_soapGraphK51,593
Contig10679,627
269091_soapGraphK61,586
295480_soapGraphK61,1456
259399_soapGraphK61,506
540467_soapGraphK41,652
550533_soapGraphK41,828
272661_soapGraphK61,625
378104_soapGraphK51,571
272565_soapGraphK61,624
377658_soapGraphK51,567
286824_soapGraphK61,895
285654_soapGraphK61,859
372706_soapGraphK51,527
271497_soapGraphK61,611
532253_soapGraphK41,564
388654_soapGraphK51,693
551825_soapGraphK41,859
Contig7046,1412
537025_soapGraphK41,612
280187_soapGraphK61,736
270389_soapGraphK61,599
Contig6604,916
541577_soapGraphK41,667
260461_soapGraphK61,513
394656_soapGraphK51,805
276489_soapGraphK61,675
377050_soapGraphK51,562
376226_soapGraphK51,555
Contig10472,1521
Contig10471,579
Contig1921,509
281474_soapGraphK61,760
275297_soapGraphK61,659
380932_soapGraphK51,598
383928_soapGraphK51,631
297588_soapGraphK61,1875
529024_soapGraphK41,536
269661_soapGraphK61,592
380164_soapGraphK51,591
525347_soapGraphK41,508
529548_soapGraphK41,540
289670_soapGraphK61,998
371936_soapGraphK51,521
260321_soapGraphK61,513
265233_soapGraphK61,550
391444_soapGraphK51,740
290632_soapGraphK61,1043
294564_soapGraphK61,1338
728907_soapGraphK31,615
401914_soapGraphK51,1014
531977_soapGraphK41,561
406036_soapGraphK51,1227
379092_soapGraphK51,580
538487_soapGraphK41,629
296516_soapGraphK61,1616
294528_soapGraphK61,1335
532205_soapGraphK41,563
261305_soapGraphK61,519
387724_soapGraphK51,680
398864_soapGraphK51,909
375104_soapGraphK51,546
370016_soapGraphK51,508
539185_soapGraphK41,637
Contig12362,3085
Contig12369,1699
376928_soapGraphK51,561
735462_soapGraphK31,704
381990_soapGraphK51,609
374324_soapGraphK51,539
288500_soapGraphK61,950
375268_soapGraphK51,547
291050_soapGraphK61,1064
406494_soapGraphK51,1262
259281_soapGraphK61,505
293320_soapGraphK61,1220
296384_soapGraphK61,1595
373774_soapGraphK51,535
292000_soapGraphK61,1121
391920_soapGraphK51,749
548821_soapGraphK41,790
553057_soapGraphK41,892
269203_soapGraphK61,587
279681_soapGraphK61,727
551541_soapGraphK41,852
289660_soapGraphK61,997
284682_soapGraphK61,830
263359_soapGraphK61,535
722115_soapGraphK31,550
268657_soapGraphK61,581
279137_soapGraphK61,718
395778_soapGraphK51,829
293240_soapGraphK61,1214
539079_soapGraphK41,636
393424_soapGraphK51,778
294700_soapGraphK61,1357
275315_soapGraphK61,659
294748_soapGraphK61,1361
525169_soapGraphK41,507
270471_soapGraphK61,600
544245_soapGraphK41,705
285796_soapGraphK61,863
379952_soapGraphK51,589
531382_soapGraphK41,557
Contig2316,601
543793_soapGraphK41,698
547173_soapGraphK41,758
263443_soapGraphK61,535
297094_soapGraphK61,1744
296648_soapGraphK61,1644
293264_soapGraphK61,1216
396636_soapGraphK51,849
288450_soapGraphK61,948
Contig6802,1607
532799_soapGraphK41,568
389576_soapGraphK51,708
282130_soapGraphK61,772
276263_soapGraphK61,672
526905_soapGraphK41,520
282430_soapGraphK61,778
Contig11635,1326
287898_soapGraphK61,929
388398_soapGraphK51,690
409140_soapGraphK51,1526
374000_soapGraphK51,536
555099_soapGraphK41,949
397746_soapGraphK51,878
281394_soapGraphK61,759
374988_soapGraphK51,545
545365_soapGraphK41,724
283768_soapGraphK61,808
739794_soapGraphK31,779
538665_soapGraphK41,630
390704_soapGraphK51,726
288140_soapGraphK61,937
293252_soapGraphK61,1215
534003_soapGraphK41,581
265583_soapGraphK61,553
399344_soapGraphK51,923
380292_soapGraphK51,592
402124_soapGraphK51,1023
728371_soapGraphK31,609
286106_soapGraphK61,872
385324_soapGraphK51,648
535145_soapGraphK41,592
291642_soapGraphK61,1099
719621_soapGraphK31,529
275581_soapGraphK61,662
391270_soapGraphK51,736
391674_soapGraphK51,744
292234_soapGraphK61,1138
544481_soapGraphK41,709
555543_soapGraphK41,965
265907_soapGraphK61,556
281684_soapGraphK61,763
383072_soapGraphK51,621
261125_soapGraphK61,518
291660_soapGraphK61,1100
280863_soapGraphK61,748
374612_soapGraphK51,542
539791_soapGraphK41,644
Contig12703,3884
268083_soapGraphK61,575
371576_soapGraphK51,519
Contig10138,522
Contig11669,965
287748_soapGraphK61,924
289110_soapGraphK61,975
282218_soapGraphK61,774
381050_soapGraphK51,599
265463_soapGraphK61,552
396064_soapGraphK51,836
284880_soapGraphK61,835
265185_soapGraphK61,550
400894_soapGraphK51,975
295576_soapGraphK61,1469
287342_soapGraphK61,912
263595_soapGraphK61,536
277625_soapGraphK61,693
369262_soapGraphK51,502
269791_soapGraphK61,593
268733_soapGraphK61,582
269725_soapGraphK61,593
370272_soapGraphK51,510
383362_soapGraphK51,625
393738_soapGraphK51,784
293752_soapGraphK61,1261
369238_soapGraphK51,502
388702_soapGraphK51,694
388392_soapGraphK51,690
730605_soapGraphK31,636
400484_soapGraphK51,959
274801_soapGraphK61,652
375016_soapGraphK51,545
Contig1849,628
Contig11873,1081
265405_soapGraphK61,551
277185_soapGraphK61,686
Contig12005,1196
733082_soapGraphK31,668
273055_soapGraphK61,630
395818_soapGraphK51,830
387414_soapGraphK51,676
296704_soapGraphK61,1658
289962_soapGraphK61,1009
285378_soapGraphK61,850
531540_soapGraphK41,557
271107_soapGraphK61,607
293446_soapGraphK61,1231
284346_soapGraphK61,822
264417_soapGraphK61,543
375786_soapGraphK51,551
292636_soapGraphK61,1171
281246_soapGraphK61,755
263333_soapGraphK61,534
283306_soapGraphK61,799
289488_soapGraphK61,990
379008_soapGraphK51,579
400000_soapGraphK51,944
288568_soapGraphK61,954
273075_soapGraphK61,630
386296_soapGraphK51,660
385914_soapGraphK51,655
Contig3937,1865
281712_soapGraphK61,764
392396_soapGraphK51,757
284098_soapGraphK61,816
Contig12248,2708
Contig12246,1483
527894_soapGraphK41,527
388414_soapGraphK51,690
269601_soapGraphK61,591
377012_soapGraphK51,562
Contig3253,901
267551_soapGraphK61,570
380274_soapGraphK51,592
261819_soapGraphK61,523
261047_soapGraphK61,518
289958_soapGraphK61,1009
387502_soapGraphK51,677
529292_soapGraphK41,538
383210_soapGraphK51,623
380980_soapGraphK51,598
Contig11458,867
295020_soapGraphK61,1398
382904_soapGraphK51,619
277999_soapGraphK61,699
262393_soapGraphK61,527
Contig11182,768
265895_soapGraphK61,556
370724_soapGraphK51,513
267431_soapGraphK61,569
370858_soapGraphK51,513
268685_soapGraphK61,581
296028_soapGraphK61,1534
268077_soapGraphK61,575
378800_soapGraphK51,577
275675_soapGraphK61,663
723052_soapGraphK31,557
293986_soapGraphK61,1279
281156_soapGraphK61,753
289522_soapGraphK61,991
379816_soapGraphK51,588
287870_soapGraphK61,928
263815_soapGraphK61,538
260815_soapGraphK61,516
272523_soapGraphK61,624
291618_soapGraphK61,1097
270333_soapGraphK61,599
297736_soapGraphK61,1938
296052_soapGraphK61,1539
390144_soapGraphK51,716
270765_soapGraphK61,604
384404_soapGraphK51,637
280669_soapGraphK61,745
272285_soapGraphK61,621
536355_soapGraphK41,605
Contig11929,1128
Contig11921,1117
262031_soapGraphK61,525
273729_soapGraphK61,638
274013_soapGraphK61,641
552021_soapGraphK41,865
291146_soapGraphK61,1070
530634_soapGraphK41,549
Contig6033,649
387100_soapGraphK51,671
395886_soapGraphK51,831
268115_soapGraphK61,576
272563_soapGraphK61,624
400610_soapGraphK51,964
376562_soapGraphK51,557
373982_soapGraphK51,536
531590_soapGraphK41,558
290982_soapGraphK61,1060
259875_soapGraphK61,509
272857_soapGraphK61,627
287212_soapGraphK61,908
531600_soapGraphK41,558
394572_soapGraphK51,802
397742_soapGraphK51,878
290802_soapGraphK61,1050
384806_soapGraphK51,641
529088_soapGraphK41,536
543325_soapGraphK41,691
723707_soapGraphK31,563
283558_soapGraphK61,804
376336_soapGraphK51,556
526803_soapGraphK41,519
382688_soapGraphK51,617
276557_soapGraphK61,676
262409_soapGraphK61,527
380280_soapGraphK51,592
258871_soapGraphK61,502
537149_soapGraphK41,614
391930_soapGraphK51,749
297416_soapGraphK61,1823
269721_soapGraphK61,593
287916_soapGraphK61,930
369142_soapGraphK51,502
547839_soapGraphK41,770
285680_soapGraphK61,860
267225_soapGraphK61,568
283804_soapGraphK61,809
386334_soapGraphK51,660
286506_soapGraphK61,884
279937_soapGraphK61,732
549863_soapGraphK41,813
Contig12624,2949
292138_soapGraphK61,1132
262087_soapGraphK61,525
531816_soapGraphK41,560
529014_soapGraphK41,535
284596_soapGraphK61,829
268969_soapGraphK61,584
410594_soapGraphK51,1751
289206_soapGraphK61,979
278289_soapGraphK61,704
392030_soapGraphK51,751
282816_soapGraphK61,788
370026_soapGraphK51,508
286152_soapGraphK61,874
262115_soapGraphK61,525
264881_soapGraphK61,547
276373_soapGraphK61,673
274913_soapGraphK61,653
370662_soapGraphK51,512
288768_soapGraphK61,962
263085_soapGraphK61,533
276423_soapGraphK61,674
271169_soapGraphK61,608
294584_soapGraphK61,1342
735618_soapGraphK31,706
289922_soapGraphK61,1008
264165_soapGraphK61,541
397758_soapGraphK51,879
266875_soapGraphK61,565
544239_soapGraphK41,705
Contig12727,4393
282214_soapGraphK61,774
390834_soapGraphK51,729
291700_soapGraphK61,1102
286660_soapGraphK61,890
Contig2567,1153
405418_soapGraphK51,1187
268911_soapGraphK61,584
549923_soapGraphK41,814
392450_soapGraphK51,759
263709_soapGraphK61,537
410534_soapGraphK51,1739
266067_soapGraphK61,557
Contig11230,783
390082_soapGraphK51,715
389678_soapGraphK51,709
527225_soapGraphK41,522
283866_soapGraphK61,811
271523_soapGraphK61,612
Contig33825,1350
392046_soapGraphK51,751
391044_soapGraphK51,732
276389_soapGraphK61,674
369668_soapGraphK51,505
284824_soapGraphK61,834
Contig10629,615
409686_soapGraphK51,1596
287648_soapGraphK61,921
381522_soapGraphK51,604
389982_soapGraphK51,714
392108_soapGraphK51,752
276703_soapGraphK61,678
Contig11771,1014
296876_soapGraphK61,1695
272569_soapGraphK61,624
291460_soapGraphK61,1087
281146_soapGraphK61,753
286770_soapGraphK61,893
524733_soapGraphK41,503
723054_soapGraphK31,557
258677_soapGraphK61,501
373472_soapGraphK51,533
276627_soapGraphK61,677
392778_soapGraphK51,765
261745_soapGraphK61,522
292046_soapGraphK61,1124
262395_soapGraphK61,527
377562_soapGraphK51,566
269179_soapGraphK61,587
546473_soapGraphK41,744
Contig12472,1980
Contig12475,1987
Contig12476,1990
278963_soapGraphK61,715
281444_soapGraphK61,760
375618_soapGraphK51,550
292344_soapGraphK61,1148
370294_soapGraphK51,510
294268_soapGraphK61,1304
731734_soapGraphK31,651
289712_soapGraphK61,1000
553623_soapGraphK41,907
274181_soapGraphK61,644
276661_soapGraphK61,678
286274_soapGraphK61,877
274537_soapGraphK61,648
275477_soapGraphK61,661
297116_soapGraphK61,1747
375682_soapGraphK51,550
376256_soapGraphK51,555
722031_soapGraphK31,549
392112_soapGraphK51,752
384342_soapGraphK51,636
399782_soapGraphK51,937
388520_soapGraphK51,692
537373_soapGraphK41,616
268197_soapGraphK61,576
279671_soapGraphK61,727
264927_soapGraphK61,547
263991_soapGraphK61,540
299360_soapGraphK61,3188
533851_soapGraphK41,579
387104_soapGraphK51,671
268529_soapGraphK61,580
264389_soapGraphK61,543
287248_soapGraphK61,909
397428_soapGraphK51,870
384320_soapGraphK51,636
289468_soapGraphK61,989
Contig6237,706
397140_soapGraphK51,862
730385_soapGraphK31,634
284832_soapGraphK61,834
391440_soapGraphK51,740
277755_soapGraphK61,695
538521_soapGraphK41,629
281874_soapGraphK61,767
266651_soapGraphK61,562
385862_soapGraphK51,654
263193_soapGraphK61,533
546377_soapGraphK41,743
397716_soapGraphK51,877
285686_soapGraphK61,860
268777_soapGraphK61,582
391434_soapGraphK51,739
715681_soapGraphK31,500
373848_soapGraphK51,535
295700_soapGraphK61,1490
407038_soapGraphK51,1307
266101_soapGraphK61,557
279873_soapGraphK61,731
260611_soapGraphK61,515
266537_soapGraphK61,561
538291_soapGraphK41,626
398428_soapGraphK51,897
276769_soapGraphK61,679
529216_soapGraphK41,537
268749_soapGraphK61,582
372444_soapGraphK51,525
Contig11544,910
524423_soapGraphK41,501
271063_soapGraphK61,607
385926_soapGraphK51,655
Contig41042,505
380518_soapGraphK51,594
266249_soapGraphK61,559
375986_soapGraphK51,553
295004_soapGraphK61,1396
Contig47837,504
400352_soapGraphK51,955
398060_soapGraphK51,887
545233_soapGraphK41,722
386836_soapGraphK51,668
Contig10854,666
717005_soapGraphK31,510
267933_soapGraphK61,574
Contig7184,2381
389936_soapGraphK51,713
539337_soapGraphK41,638
269137_soapGraphK61,586
Contig12544,2389
Contig12546,2396
263671_soapGraphK61,537
400578_soapGraphK51,962
288888_soapGraphK61,967
375384_soapGraphK51,548
374244_soapGraphK51,539
294604_soapGraphK61,1345
380936_soapGraphK51,598
292958_soapGraphK61,1194
391146_soapGraphK51,734
383114_soapGraphK51,622
297866_soapGraphK61,1985
399670_soapGraphK51,933
289684_soapGraphK61,998
389962_soapGraphK51,714
402338_soapGraphK51,1031
290248_soapGraphK61,1023
299418_soapGraphK61,3272
540451_soapGraphK41,652
Contig34924,714
537991_soapGraphK41,623
402806_soapGraphK51,1050
370416_soapGraphK51,511
260197_soapGraphK61,512
380166_soapGraphK51,591
291834_soapGraphK61,1111
529174_soapGraphK41,537
409484_soapGraphK51,1572
291672_soapGraphK61,1101
283966_soapGraphK61,812
Contig1974,523
Contig11994,1191
529196_soapGraphK41,537
272733_soapGraphK61,626
259435_soapGraphK61,506
295016_soapGraphK61,1397
281776_soapGraphK61,765
293156_soapGraphK61,1207
525561_soapGraphK41,510
372140_soapGraphK51,523
381026_soapGraphK51,599
377380_soapGraphK51,565
291428_soapGraphK61,1085
275347_soapGraphK61,659
552551_soapGraphK41,878
531170_soapGraphK41,554
378394_soapGraphK51,573
794929_soapGraphK21,1354
380990_soapGraphK51,598
274027_soapGraphK61,641
401634_soapGraphK51,1002
717303_soapGraphK31,512
534113_soapGraphK41,581
545159_soapGraphK41,720
396278_soapGraphK51,840
278897_soapGraphK61,713
280929_soapGraphK61,750
390538_soapGraphK51,723
542547_soapGraphK41,680
377956_soapGraphK51,570
397686_soapGraphK51,876
284232_soapGraphK61,819
383432_soapGraphK51,626
Contig12332,1616
Contig7336,4360
Contig30355,519
395650_soapGraphK51,826
265005_soapGraphK61,548
283110_soapGraphK61,794
280071_soapGraphK61,734
284442_soapGraphK61,825
282082_soapGraphK61,771
412298_soapGraphK51,2218
391416_soapGraphK51,739
560985_soapGraphK41,1233
264745_soapGraphK61,546
535953_soapGraphK41,600
534815_soapGraphK41,589
398316_soapGraphK51,894
391970_soapGraphK51,750
403956_soapGraphK51,1108
536307_soapGraphK41,604
376702_soapGraphK51,559
401010_soapGraphK51,978
Contig26106,570
370094_soapGraphK51,508
259745_soapGraphK61,509
401920_soapGraphK51,1015
273885_soapGraphK61,640
370450_soapGraphK51,511
385084_soapGraphK51,645
276877_soapGraphK61,681
267837_soapGraphK61,573
539129_soapGraphK41,636
279009_soapGraphK61,716
552709_soapGraphK41,882
280033_soapGraphK61,733
525737_soapGraphK41,511
276375_soapGraphK61,673
259211_soapGraphK61,505
395400_soapGraphK51,821
382244_soapGraphK51,612
388158_soapGraphK51,687
525321_soapGraphK41,508
281658_soapGraphK61,763
Contig11891,1094
389884_soapGraphK51,712
264457_soapGraphK61,544
389712_soapGraphK51,710
262459_soapGraphK61,528
280257_soapGraphK61,737
278871_soapGraphK61,713
543031_soapGraphK41,687
716783_soapGraphK31,508
369612_soapGraphK51,505
290110_soapGraphK61,1017
398624_soapGraphK51,903
293098_soapGraphK61,1204
528346_soapGraphK41,530
276247_soapGraphK61,672
404078_soapGraphK51,1114
279029_soapGraphK61,716
261481_soapGraphK61,520
555575_soapGraphK41,966
293742_soapGraphK61,1260
281094_soapGraphK61,753
387198_soapGraphK51,673
278347_soapGraphK61,705
260451_soapGraphK61,513
271415_soapGraphK61,611
296996_soapGraphK61,1720
545249_soapGraphK41,722
260543_soapGraphK61,514
266729_soapGraphK61,563
297894_soapGraphK61,1993
533809_soapGraphK41,578
264491_soapGraphK61,544
395110_soapGraphK51,814
379296_soapGraphK51,582
293368_soapGraphK61,1224
265333_soapGraphK61,551
559385_soapGraphK41,1139
403348_soapGraphK51,1075
286092_soapGraphK61,872
Contig6528,886
380460_soapGraphK51,594
Contig4031,3077
279221_soapGraphK61,719
280833_soapGraphK61,748
288158_soapGraphK61,938
286376_soapGraphK61,880
384946_soapGraphK51,643
296248_soapGraphK61,1571
559135_soapGraphK41,1125
385096_soapGraphK51,645
281666_soapGraphK61,763
541935_soapGraphK41,672
Contig11585,956
Contig11580,922
Contig10189,531
Contig10186,530
264715_soapGraphK61,546
296662_soapGraphK61,1646
Contig11636,949
371204_soapGraphK51,516
278927_soapGraphK61,714
389102_soapGraphK51,700
280393_soapGraphK61,740
264887_soapGraphK61,547
405098_soapGraphK51,1167
295530_soapGraphK61,1463
285190_soapGraphK61,844
290742_soapGraphK61,1048
272717_soapGraphK61,626
265281_soapGraphK61,550
262849_soapGraphK61,531
275435_soapGraphK61,660
539541_soapGraphK41,641
389718_soapGraphK51,710
372864_soapGraphK51,528
390726_soapGraphK51,727
402884_soapGraphK51,1054
389572_soapGraphK51,708
276265_soapGraphK61,672
369842_soapGraphK51,506
289276_soapGraphK61,982
260419_soapGraphK61,513
276601_soapGraphK61,677
403396_soapGraphK51,1077
296398_soapGraphK61,1597
261797_soapGraphK61,523
290560_soapGraphK61,1039
296066_soapGraphK61,1540
529482_soapGraphK41,539
372400_soapGraphK51,525
406836_soapGraphK51,1291
384382_soapGraphK51,636
291336_soapGraphK61,1080
289306_soapGraphK61,984
537715_soapGraphK41,620
372638_soapGraphK51,526
400396_soapGraphK51,956
271713_soapGraphK61,614
529502_soapGraphK41,540
266683_soapGraphK61,563
397752_soapGraphK51,878
371948_soapGraphK51,521
280395_soapGraphK61,740
288182_soapGraphK61,939
384678_soapGraphK51,640
289492_soapGraphK61,990
404476_soapGraphK51,1133
370384_soapGraphK51,510
290530_soapGraphK61,1037
297678_soapGraphK61,1912
Contig11776,1017
294388_soapGraphK61,1316
295552_soapGraphK61,1466
272255_soapGraphK61,621
280389_soapGraphK61,740
285620_soapGraphK61,858
263015_soapGraphK61,532
262829_soapGraphK61,531
291360_soapGraphK61,1081
549969_soapGraphK41,815
553039_soapGraphK41,892
277297_soapGraphK61,688
262607_soapGraphK61,529
271313_soapGraphK61,610
528392_soapGraphK41,531
370554_soapGraphK51,512
276529_soapGraphK61,676
Contig47776,761
399510_soapGraphK51,928
282784_soapGraphK61,787
532285_soapGraphK41,564
383496_soapGraphK51,626
Contig2558,640
264579_soapGraphK61,545
389310_soapGraphK51,703
372522_soapGraphK51,526
Contig11258,793
402106_soapGraphK51,1022
Contig11734,997
290174_soapGraphK61,1019
287364_soapGraphK61,913
290310_soapGraphK61,1026
284326_soapGraphK61,821
269957_soapGraphK61,595
Contig24574,1410
387830_soapGraphK51,682
549309_soapGraphK41,800
270249_soapGraphK61,598
537755_soapGraphK41,620
400670_soapGraphK51,966
370214_soapGraphK51,509
284614_soapGraphK61,829
718389_soapGraphK31,520
282180_soapGraphK61,773
287642_soapGraphK61,920
265265_soapGraphK61,550
Contig10613,612
370108_soapGraphK51,508
540955_soapGraphK41,659
393458_soapGraphK51,779
404692_soapGraphK51,1144
395866_soapGraphK51,831
262907_soapGraphK61,531
282064_soapGraphK61,771
377632_soapGraphK51,567
264173_soapGraphK61,541
384388_soapGraphK51,636
259959_soapGraphK61,510
260637_soapGraphK61,515
392176_soapGraphK51,753
285882_soapGraphK61,866
386560_soapGraphK51,663
289988_soapGraphK61,1010
383646_soapGraphK51,628
529696_soapGraphK41,541
389208_soapGraphK51,702
285722_soapGraphK61,861
Contig12428,1838
Contig12425,1824
738310_soapGraphK31,751
379474_soapGraphK51,584
388416_soapGraphK51,690
285186_soapGraphK61,844
283568_soapGraphK61,804
540703_soapGraphK41,655
547961_soapGraphK41,772
Contig11508,889
292630_soapGraphK61,1171
288858_soapGraphK61,965
267069_soapGraphK61,566
369166_soapGraphK51,502
278093_soapGraphK61,701
536475_soapGraphK41,606
294080_soapGraphK61,1287
274843_soapGraphK61,653
280577_soapGraphK61,743
274425_soapGraphK61,647
385590_soapGraphK51,651
524467_soapGraphK41,501
717201_soapGraphK31,511
293150_soapGraphK61,1206
272511_soapGraphK61,624
259993_soapGraphK61,510
377676_soapGraphK51,567
544661_soapGraphK41,712
282950_soapGraphK61,790
270795_soapGraphK61,604
285194_soapGraphK61,844
735146_soapGraphK31,699
546709_soapGraphK41,749
281988_soapGraphK61,769
280635_soapGraphK61,745
Contig3589,4492
285288_soapGraphK61,847
263319_soapGraphK61,534
370632_soapGraphK51,512
261171_soapGraphK61,519
289886_soapGraphK61,1006
296280_soapGraphK61,1580
294448_soapGraphK61,1325
385090_soapGraphK51,645
275613_soapGraphK61,662
555855_soapGraphK41,976
Contig2647,664
262447_soapGraphK61,528
294170_soapGraphK61,1295
Contig12385,1736
Contig12382,1728
271309_soapGraphK61,610
261237_soapGraphK61,519
524503_soapGraphK41,502
527649_soapGraphK41,525
Contig11504,2081
393866_soapGraphK51,787
267411_soapGraphK61,569
383878_soapGraphK51,630
287652_soapGraphK61,921
287770_soapGraphK61,925
401652_soapGraphK51,1003
535539_soapGraphK41,596
393902_soapGraphK51,788
290568_soapGraphK61,1039
404916_soapGraphK51,1155
269193_soapGraphK61,587
410932_soapGraphK51,1817
547255_soapGraphK41,759
389320_soapGraphK51,704
262941_soapGraphK61,531
262603_soapGraphK61,529
275889_soapGraphK61,667
Contig11596,930
281918_soapGraphK61,768
379698_soapGraphK51,587
392588_soapGraphK51,761
267745_soapGraphK61,572
281324_soapGraphK61,757
393132_soapGraphK51,772
284510_soapGraphK61,827
277075_soapGraphK61,684
388872_soapGraphK51,697
291878_soapGraphK61,1113
564475_soapGraphK41,1531
377546_soapGraphK51,566
267455_soapGraphK61,570
560841_soapGraphK41,1225
Contig11820,1048
279405_soapGraphK61,722
401590_soapGraphK51,1000
387138_soapGraphK51,672
550373_soapGraphK41,824
382666_soapGraphK51,616
263747_soapGraphK61,538
384070_soapGraphK51,632
266107_soapGraphK61,558
272829_soapGraphK61,627
292310_soapGraphK61,1145
293976_soapGraphK61,1278
259181_soapGraphK61,504
540855_soapGraphK41,658
270311_soapGraphK61,599
385418_soapGraphK51,649
390770_soapGraphK51,727
395160_soapGraphK51,815
395564_soapGraphK51,824
379936_soapGraphK51,589
406968_soapGraphK51,1302
270303_soapGraphK61,599
Contig10698,632
Contig11123,750
371722_soapGraphK51,520
281106_soapGraphK61,753
264205_soapGraphK61,541
382366_soapGraphK51,613
548897_soapGraphK41,791
290222_soapGraphK61,1021
276473_soapGraphK61,675
389494_soapGraphK51,706
293582_soapGraphK61,1245
389542_soapGraphK51,707
405532_soapGraphK51,1194
Contig6628,919
390674_soapGraphK51,726
288556_soapGraphK61,953
Contig11321,817
377622_soapGraphK51,567
292342_soapGraphK61,1148
284810_soapGraphK61,834
277471_soapGraphK61,690
Contig13894,1376
387106_soapGraphK51,671
295278_soapGraphK61,1430
283624_soapGraphK61,805
394598_soapGraphK51,803
377932_soapGraphK51,570
406712_soapGraphK51,1282
528778_soapGraphK41,534
266943_soapGraphK61,565
401038_soapGraphK51,979
275873_soapGraphK61,666
386108_soapGraphK51,657
382980_soapGraphK51,620
264567_soapGraphK61,545
286436_soapGraphK61,881
397674_soapGraphK51,876
388246_soapGraphK51,688
280811_soapGraphK61,747
288376_soapGraphK61,945
719941_soapGraphK31,532
542841_soapGraphK41,684
370944_soapGraphK51,514
396614_soapGraphK51,848
275867_soapGraphK61,666
278509_soapGraphK61,707
263423_soapGraphK61,535
370972_soapGraphK51,514
277709_soapGraphK61,694
397190_soapGraphK51,863
275925_soapGraphK61,667
Contig5731,545
280671_soapGraphK61,745
381958_soapGraphK51,608
265025_soapGraphK61,548
398684_soapGraphK51,904
528406_soapGraphK41,531
386274_soapGraphK51,659
278423_soapGraphK61,706
401672_soapGraphK51,1004
295994_soapGraphK61,1530
391198_soapGraphK51,735
Contig12301,1564
295128_soapGraphK61,1410
262999_soapGraphK61,532
540779_soapGraphK41,656
535687_soapGraphK41,597
279429_soapGraphK61,723
Contig10797,651
271003_soapGraphK61,606
742182_soapGraphK31,833
289898_soapGraphK61,1007
261233_soapGraphK61,519
292020_soapGraphK61,1122
375154_soapGraphK51,546
390864_soapGraphK51,729
281540_soapGraphK61,761
387304_soapGraphK51,674
293152_soapGraphK61,1207
553795_soapGraphK41,911
264349_soapGraphK61,543
562121_soapGraphK41,1309
385188_soapGraphK51,646
272643_soapGraphK61,625
270797_soapGraphK61,604
378828_soapGraphK51,578
294476_soapGraphK61,1328
279753_soapGraphK61,729
287626_soapGraphK61,920
525603_soapGraphK41,510
Contig30836,501
261013_soapGraphK61,517
388468_soapGraphK51,691
279513_soapGraphK61,725
385628_soapGraphK51,651
271751_soapGraphK61,614
286176_soapGraphK61,874
724773_soapGraphK31,572
375486_soapGraphK51,549
528962_soapGraphK41,535
380082_soapGraphK51,590
718461_soapGraphK31,520
273493_soapGraphK61,635
Contig10806,654
288664_soapGraphK61,956
543143_soapGraphK41,689
530968_soapGraphK41,552
394038_soapGraphK51,791
264743_soapGraphK61,546
292994_soapGraphK61,1198
374876_soapGraphK51,544
369058_soapGraphK51,501
Contig12516,2182
282332_soapGraphK61,777
281330_soapGraphK61,757
280047_soapGraphK61,734
291366_soapGraphK61,1081
369050_soapGraphK51,501
264969_soapGraphK61,548
374996_soapGraphK51,545
377248_soapGraphK51,564
Contig10346,556
269233_soapGraphK61,587
258607_soapGraphK61,501
748045_soapGraphK31,1001
283926_soapGraphK61,812
380718_soapGraphK51,596
539059_soapGraphK41,636
388968_soapGraphK51,699
278319_soapGraphK61,704
272461_soapGraphK61,623
408600_soapGraphK51,1461
376104_soapGraphK51,554
371470_soapGraphK51,518
381610_soapGraphK51,605
376346_soapGraphK51,556
386184_soapGraphK51,658
Contig33557,577
285736_soapGraphK61,861
397540_soapGraphK51,873
294894_soapGraphK61,1382
268797_soapGraphK61,582
Contig6513,843
Contig3749,1595
Contig6518,845
533989_soapGraphK41,580
273987_soapGraphK61,641
403984_soapGraphK51,1110
274271_soapGraphK61,644
287792_soapGraphK61,926
529916_soapGraphK41,543
264627_soapGraphK61,545
278737_soapGraphK61,711
Contig703,550
284146_soapGraphK61,817
406002_soapGraphK51,1225
271689_soapGraphK61,614
Contig4006,2577
369734_soapGraphK51,506
393814_soapGraphK51,786
377158_soapGraphK51,563
724493_soapGraphK31,570
293886_soapGraphK61,1271
Contig6986,1446
274299_soapGraphK61,645
284800_soapGraphK61,833
Contig12491,2043
730687_soapGraphK31,637
285328_soapGraphK61,849
389196_soapGraphK51,702
537493_soapGraphK41,617
Contig12724,4254
267303_soapGraphK61,568
287610_soapGraphK61,920
394904_soapGraphK51,810
280968_soapGraphK61,750
289130_soapGraphK61,976
Contig12381,1944
291580_soapGraphK61,1095
541909_soapGraphK41,672
372096_soapGraphK51,522
273417_soapGraphK61,634
545351_soapGraphK41,724
285452_soapGraphK61,852
371364_soapGraphK51,517
717063_soapGraphK31,510
270729_soapGraphK61,603
280329_soapGraphK61,739
524843_soapGraphK41,504
372890_soapGraphK51,528
401970_soapGraphK51,1016
395412_soapGraphK51,821
289136_soapGraphK61,977
524921_soapGraphK41,505
262061_soapGraphK61,525
392502_soapGraphK51,760
383612_soapGraphK51,627
285242_soapGraphK61,846
268995_soapGraphK61,585
268577_soapGraphK61,580
294484_soapGraphK61,1329
403442_soapGraphK51,1079
261987_soapGraphK61,524
264071_soapGraphK61,540
386056_soapGraphK51,657
Contig11045,722
381776_soapGraphK51,607
291116_soapGraphK61,1068
377466_soapGraphK51,566
271565_soapGraphK61,612
383806_soapGraphK51,629
258807_soapGraphK61,502
552731_soapGraphK41,883
380510_soapGraphK51,594
262309_soapGraphK61,527
293536_soapGraphK61,1241
376258_soapGraphK51,555
266273_soapGraphK61,559
262827_soapGraphK61,531
260291_soapGraphK61,512
538281_soapGraphK41,626
Contig9471,1151
277397_soapGraphK61,689
369242_soapGraphK51,502
545313_soapGraphK41,723
297160_soapGraphK61,1757
371462_soapGraphK51,518
277735_soapGraphK61,695
549891_soapGraphK41,813
537205_soapGraphK41,614
293942_soapGraphK61,1276
260181_soapGraphK61,512
279249_soapGraphK61,720
261009_soapGraphK61,517
265001_soapGraphK61,548
264533_soapGraphK61,544
526541_soapGraphK41,517
294294_soapGraphK61,1307
277623_soapGraphK61,693
287872_soapGraphK61,928
390778_soapGraphK51,728
385632_soapGraphK51,651
269667_soapGraphK61,592
Contig12227,1454
260363_soapGraphK61,513
Contig12593,2632
385838_soapGraphK51,654
291442_soapGraphK61,1085
289042_soapGraphK61,973
281428_soapGraphK61,759
541101_soapGraphK41,661
258817_soapGraphK61,502
534379_soapGraphK41,584
410070_soapGraphK51,1660
404612_soapGraphK51,1140
298986_soapGraphK61,2728
378256_soapGraphK51,572
276923_soapGraphK61,682
550405_soapGraphK41,824
Contig36332,1669
266091_soapGraphK61,557
402956_soapGraphK51,1058
276895_soapGraphK61,681
270967_soapGraphK61,606
292776_soapGraphK61,1180
Contig35812,1451
525121_soapGraphK41,506
386864_soapGraphK51,669
390496_soapGraphK51,722
371544_soapGraphK51,518
263069_soapGraphK61,532
258741_soapGraphK61,501
524393_soapGraphK41,501
269495_soapGraphK61,590
290954_soapGraphK61,1059
737268_soapGraphK31,731
390198_soapGraphK51,717
275643_soapGraphK61,663
387160_soapGraphK51,672
377120_soapGraphK51,563
297746_soapGraphK61,1939
297752_soapGraphK61,1940
545735_soapGraphK41,731
275767_soapGraphK61,665
270211_soapGraphK61,597
384318_soapGraphK51,636
Contig12414,1800
284174_soapGraphK61,818
374420_soapGraphK51,540
403408_soapGraphK51,1078
282356_soapGraphK61,777
528038_soapGraphK41,528
410488_soapGraphK51,1731
272589_soapGraphK61,624
Contig11573,919
261445_soapGraphK61,520
265165_soapGraphK61,549
272197_soapGraphK61,620
396496_soapGraphK51,845
Contig11680,973
284588_soapGraphK61,828
390550_soapGraphK51,724
539101_soapGraphK41,636
262861_soapGraphK61,531
549743_soapGraphK41,810
526105_soapGraphK41,514
289266_soapGraphK61,982
740340_soapGraphK31,790
371398_soapGraphK51,517
384558_soapGraphK51,638
268629_soapGraphK61,581
268099_soapGraphK61,575
269107_soapGraphK61,586
382232_soapGraphK51,612
294818_soapGraphK61,1371
392804_soapGraphK51,765
375506_soapGraphK51,549
526061_soapGraphK41,513
267309_soapGraphK61,568
528710_soapGraphK41,533
270071_soapGraphK61,596
536267_soapGraphK41,604
298370_soapGraphK61,2251
270565_soapGraphK61,601
543497_soapGraphK41,694
290312_soapGraphK61,1026
378996_soapGraphK51,579
264003_soapGraphK61,540
265767_soapGraphK61,555
542187_soapGraphK41,675
397100_soapGraphK51,861
376366_soapGraphK51,556
391908_soapGraphK51,749
372550_soapGraphK51,526
274607_soapGraphK61,649
746330_soapGraphK31,942
267681_soapGraphK61,571
283200_soapGraphK61,796
289048_soapGraphK61,973
260847_soapGraphK61,516
397308_soapGraphK51,866
524817_soapGraphK41,504
288292_soapGraphK61,942
369594_soapGraphK51,505
380586_soapGraphK51,595
268261_soapGraphK61,577
272965_soapGraphK61,628
403666_soapGraphK51,1090
289860_soapGraphK61,1005
294210_soapGraphK61,1298
287716_soapGraphK61,923
372142_soapGraphK51,523
269067_soapGraphK61,586
259963_soapGraphK61,510
386194_soapGraphK51,658
375590_soapGraphK51,550
259283_soapGraphK61,505
297912_soapGraphK61,2001
380062_soapGraphK51,590
Contig10295,546
Contig6428,793
399502_soapGraphK51,928
382668_soapGraphK51,616
716327_soapGraphK31,505
288520_soapGraphK61,952
277689_soapGraphK61,694
259309_soapGraphK61,505
258611_soapGraphK61,501
289956_soapGraphK61,1009
267887_soapGraphK61,574
757553_soapGraphK31,1658
Contig7296,2880
371136_soapGraphK51,516
281112_soapGraphK61,753
287684_soapGraphK61,922
291424_soapGraphK61,1085
371250_soapGraphK51,516
285348_soapGraphK61,849
Contig19444,542
297324_soapGraphK61,1794
Contig10391,565
282470_soapGraphK61,779
276847_soapGraphK61,680
290736_soapGraphK61,1047
376004_soapGraphK51,553
533769_soapGraphK41,578
260917_soapGraphK61,517
272167_soapGraphK61,619
263827_soapGraphK61,538
542833_soapGraphK41,684
272991_soapGraphK61,629
385266_soapGraphK51,647
297190_soapGraphK61,1764
273321_soapGraphK61,633
369788_soapGraphK51,506
381740_soapGraphK51,606
269411_soapGraphK61,589
280725_soapGraphK61,746
288572_soapGraphK61,954
546295_soapGraphK41,741
385368_soapGraphK51,648
376522_soapGraphK51,557
Contig12291,1544
Contig12293,1547
539783_soapGraphK41,644
296740_soapGraphK61,1668
716709_soapGraphK31,508
532423_soapGraphK41,565
524411_soapGraphK41,501
410092_soapGraphK51,1664
728379_soapGraphK31,609
290304_soapGraphK61,1026
411780_soapGraphK51,2036
295244_soapGraphK61,1425
397498_soapGraphK51,871
398448_soapGraphK51,898
Contig12117,1308
384488_soapGraphK51,638
293190_soapGraphK61,1210
396328_soapGraphK51,841
298804_soapGraphK61,2553
531512_soapGraphK41,557
544675_soapGraphK41,712
385372_soapGraphK51,648
293116_soapGraphK61,1205
371842_soapGraphK51,520
396028_soapGraphK51,835
276803_soapGraphK61,680
274705_soapGraphK61,651
275055_soapGraphK61,655
286104_soapGraphK61,872
386226_soapGraphK51,659
279653_soapGraphK61,727
528508_soapGraphK41,532
528282_soapGraphK41,530
295430_soapGraphK61,1448
391428_soapGraphK51,739
381614_soapGraphK51,605
Contig29095,702
289354_soapGraphK61,985
385450_soapGraphK51,649
Contig12350,1654
Contig12355,1673
Contig12359,1679
Contig12688,3676
287408_soapGraphK61,914
Contig12687,3661
266603_soapGraphK61,562
535565_soapGraphK41,596
533529_soapGraphK41,575
527145_soapGraphK41,521
382862_soapGraphK51,619
395012_soapGraphK51,812
372924_soapGraphK51,528
382316_soapGraphK51,612
719349_soapGraphK31,527
394954_soapGraphK51,810
378470_soapGraphK51,574
268351_soapGraphK61,578
724209_soapGraphK31,567
369640_soapGraphK51,505
266743_soapGraphK61,563
392800_soapGraphK51,765
531480_soapGraphK41,557
265899_soapGraphK61,556
280215_soapGraphK61,737
400802_soapGraphK51,971
555839_soapGraphK41,976
271559_soapGraphK61,612
536901_soapGraphK41,611
377916_soapGraphK51,569
386794_soapGraphK51,667
275679_soapGraphK61,663
388578_soapGraphK51,692
385490_soapGraphK51,650
403008_soapGraphK51,1060
372376_soapGraphK51,525
265041_soapGraphK61,548
259093_soapGraphK61,504
386610_soapGraphK51,664
526857_soapGraphK41,519
728463_soapGraphK31,610
287088_soapGraphK61,904
535119_soapGraphK41,592
368966_soapGraphK51,501
371434_soapGraphK51,518
389804_soapGraphK51,711
285534_soapGraphK61,854
263589_soapGraphK61,536
262203_soapGraphK61,526
539341_soapGraphK41,638
266547_soapGraphK61,561
396436_soapGraphK51,844
270437_soapGraphK61,600
378126_soapGraphK51,571
264641_soapGraphK61,545
Contig12524,2228
377436_soapGraphK51,565
562717_soapGraphK41,1362
371892_soapGraphK51,521
409450_soapGraphK51,1567
272841_soapGraphK61,627
546381_soapGraphK41,743
278645_soapGraphK61,709
281476_soapGraphK61,760
394324_soapGraphK51,797
272739_soapGraphK61,626
291946_soapGraphK61,1117
293820_soapGraphK61,1266
378542_soapGraphK51,575
290424_soapGraphK61,1032
267747_soapGraphK61,572
283876_soapGraphK61,811
274873_soapGraphK61,653
401942_soapGraphK51,1015
381244_soapGraphK51,601
Contig10694,631
277495_soapGraphK61,691
283504_soapGraphK61,803
260653_soapGraphK61,515
291134_soapGraphK61,1069
376396_soapGraphK51,556
374192_soapGraphK51,538
727543_soapGraphK31,601
403966_soapGraphK51,1109
398610_soapGraphK51,903
745564_soapGraphK31,917
552281_soapGraphK41,871
544741_soapGraphK41,713
273495_soapGraphK61,635
292570_soapGraphK61,1165
272163_soapGraphK61,619
559629_soapGraphK41,1153
270627_soapGraphK61,602
272653_soapGraphK61,625
538219_soapGraphK41,626
259465_soapGraphK61,506
272897_soapGraphK61,628
375552_soapGraphK51,550
281788_soapGraphK61,765
289312_soapGraphK61,984
287656_soapGraphK61,921
529374_soapGraphK41,538
385596_soapGraphK51,651
296470_soapGraphK61,1608
266201_soapGraphK61,558
283022_soapGraphK61,792
275043_soapGraphK61,655
273325_soapGraphK61,633
403838_soapGraphK51,1101
387994_soapGraphK51,684
268601_soapGraphK61,581
525843_soapGraphK41,512
294790_soapGraphK61,1367
291952_soapGraphK61,1117
397236_soapGraphK51,864
371206_soapGraphK51,516
Contig12195,1417
387790_soapGraphK51,681
258823_soapGraphK61,502
535105_soapGraphK41,591
526873_soapGraphK41,519
289930_soapGraphK61,1008
298176_soapGraphK61,2130
548479_soapGraphK41,783
266007_soapGraphK61,556
398462_soapGraphK51,899
294988_soapGraphK61,1395
374544_soapGraphK51,541
277013_soapGraphK61,683
397262_soapGraphK51,865
260305_soapGraphK61,512
261931_soapGraphK61,524
278207_soapGraphK61,702
549123_soapGraphK41,795
286222_soapGraphK61,876
525675_soapGraphK41,510
382230_soapGraphK51,611
259337_soapGraphK61,505
377728_soapGraphK51,568
277641_soapGraphK61,693
384752_soapGraphK51,640
272791_soapGraphK61,627
Contig4436,772
294702_soapGraphK61,1357
293896_soapGraphK61,1272
397094_soapGraphK51,861
Contig3051,802
369684_soapGraphK51,505
296338_soapGraphK61,1588
Contig7319,3553
265609_soapGraphK61,553
525109_soapGraphK41,506
260383_soapGraphK61,513
404058_soapGraphK51,1113
379950_soapGraphK51,589
528084_soapGraphK41,529
531010_soapGraphK41,553
395570_soapGraphK51,824
524541_soapGraphK41,502
283074_soapGraphK61,793
376394_soapGraphK51,556
Contig10728,749
289082_soapGraphK61,975
369760_soapGraphK51,506
281224_soapGraphK61,754
386358_soapGraphK51,660
398688_soapGraphK51,905
290170_soapGraphK61,1019
371616_soapGraphK51,519
283442_soapGraphK61,801
374560_soapGraphK51,541
292830_soapGraphK61,1185
533329_soapGraphK41,573
266777_soapGraphK61,564
546511_soapGraphK41,745
398984_soapGraphK51,913
282732_soapGraphK61,785
392478_soapGraphK51,759
283606_soapGraphK61,805
273125_soapGraphK61,630
290208_soapGraphK61,1020
374936_soapGraphK51,545
267409_soapGraphK61,569
270695_soapGraphK61,603
274971_soapGraphK61,654
276379_soapGraphK61,674
385634_soapGraphK51,651
533369_soapGraphK41,574
387764_soapGraphK51,681
375614_soapGraphK51,550
387230_soapGraphK51,673
389466_soapGraphK51,706
264129_soapGraphK61,541
291074_soapGraphK61,1066
295464_soapGraphK61,1454
380234_soapGraphK51,592
372632_soapGraphK51,526
285298_soapGraphK61,847
291706_soapGraphK61,1103
293482_soapGraphK61,1235
285446_soapGraphK61,852
394344_soapGraphK51,797
380972_soapGraphK51,598
271951_soapGraphK61,617
284938_soapGraphK61,837
259275_soapGraphK61,505
284822_soapGraphK61,834
294056_soapGraphK61,1285
292596_soapGraphK61,1167
373058_soapGraphK51,529
278031_soapGraphK61,699
384796_soapGraphK51,641
526237_soapGraphK41,515
289794_soapGraphK61,1003
378512_soapGraphK51,575
394906_soapGraphK51,810
370066_soapGraphK51,508
285108_soapGraphK61,842
289698_soapGraphK61,999
387090_soapGraphK51,671
396382_soapGraphK51,843
535669_soapGraphK41,597
285112_soapGraphK61,842
271409_soapGraphK61,611
295652_soapGraphK61,1483
384022_soapGraphK51,632
267521_soapGraphK61,570
297102_soapGraphK61,1744
284564_soapGraphK61,828
377062_soapGraphK51,562
535351_soapGraphK41,594
738700_soapGraphK31,757
376580_soapGraphK51,558
285122_soapGraphK61,842
262099_soapGraphK61,525
289426_soapGraphK61,987
526389_soapGraphK41,516
Contig11931,1130
Contig7083,1482
Contig7085,1489
540171_soapGraphK41,649
534961_soapGraphK41,590
Contig27649,2490
285030_soapGraphK61,840
Contig12777,6502
264391_soapGraphK61,543
373546_soapGraphK51,533
378852_soapGraphK51,578
392042_soapGraphK51,751
383062_soapGraphK51,621
398348_soapGraphK51,895
Contig10214,1028
531484_soapGraphK41,557
277093_soapGraphK61,685
290120_soapGraphK61,1017
283814_soapGraphK61,809
297700_soapGraphK61,1920
385776_soapGraphK51,653
297464_soapGraphK61,1837
268459_soapGraphK61,579
281412_soapGraphK61,759
269351_soapGraphK61,589
537789_soapGraphK41,621
281558_soapGraphK61,761
390272_soapGraphK51,719
373434_soapGraphK51,532
371800_soapGraphK51,520
380712_soapGraphK51,596
280089_soapGraphK61,734
287204_soapGraphK61,908
372258_soapGraphK51,524
289920_soapGraphK61,1008
273803_soapGraphK61,639
369212_soapGraphK51,502
397292_soapGraphK51,866
369730_soapGraphK51,506
373940_soapGraphK51,536
Contig12486,2024
547197_soapGraphK41,758
384328_soapGraphK51,636
280281_soapGraphK61,738
370064_soapGraphK51,508
266059_soapGraphK61,557
Contig10945,694
Contig10944,822
387164_soapGraphK51,672
539963_soapGraphK41,646
394658_soapGraphK51,805
278945_soapGraphK61,714
266977_soapGraphK61,565
396980_soapGraphK51,857
286032_soapGraphK61,870
370680_soapGraphK51,512
372720_soapGraphK51,527
286988_soapGraphK61,901
297840_soapGraphK61,1975
Contig12630,2972
Contig12635,3037
291220_soapGraphK61,1074
294286_soapGraphK61,1306
291412_soapGraphK61,1084
375902_soapGraphK51,552
373584_soapGraphK51,533
542953_soapGraphK41,686
284154_soapGraphK61,817
385024_soapGraphK51,644
530880_soapGraphK41,551
400778_soapGraphK51,970
279689_soapGraphK61,727
401220_soapGraphK51,986
391196_soapGraphK51,735
397064_soapGraphK51,860
372820_soapGraphK51,528
278431_soapGraphK61,706
368922_soapGraphK51,500
265931_soapGraphK61,556
262479_soapGraphK61,528
277757_soapGraphK61,695
274635_soapGraphK61,650
296644_soapGraphK61,1644
279063_soapGraphK61,716
387698_soapGraphK51,680
272705_soapGraphK61,625
265903_soapGraphK61,556
262329_soapGraphK61,527
525197_soapGraphK41,507
289668_soapGraphK61,998
261653_soapGraphK61,522
280533_soapGraphK61,743
Contig10576,603
390052_soapGraphK51,715
549411_soapGraphK41,802
392602_soapGraphK51,762
380630_soapGraphK51,595
395434_soapGraphK51,822
272279_soapGraphK61,621
384416_soapGraphK51,637
563745_soapGraphK41,1458
535509_soapGraphK41,595
289748_soapGraphK61,1001
277473_soapGraphK61,690
288300_soapGraphK61,942
Contig11878,1083
393660_soapGraphK51,783
284388_soapGraphK61,823
280489_soapGraphK61,742
278483_soapGraphK61,707
Contig33329,1817
Contig10630,615
405436_soapGraphK51,1188
394716_soapGraphK51,806
260617_soapGraphK61,515
545687_soapGraphK41,730
286624_soapGraphK61,888
399138_soapGraphK51,918
393422_soapGraphK51,778
378552_soapGraphK51,575
Contig37838,2093
279117_soapGraphK61,717
287242_soapGraphK61,909
391432_soapGraphK51,739
736318_soapGraphK31,717
392974_soapGraphK51,769
277179_soapGraphK61,686
282020_soapGraphK61,770
390178_soapGraphK51,717
266501_soapGraphK61,561
Contig12444,1882
Contig12443,1882
285586_soapGraphK61,856
275127_soapGraphK61,656
259071_soapGraphK61,504
399966_soapGraphK51,943
389512_soapGraphK51,707
278037_soapGraphK61,700
295692_soapGraphK61,1489
274325_soapGraphK61,645
269659_soapGraphK61,592
369190_soapGraphK51,502
281038_soapGraphK61,751
293836_soapGraphK61,1267
383394_soapGraphK51,625
374076_soapGraphK51,537
379890_soapGraphK51,588
537599_soapGraphK41,619
396124_soapGraphK51,838
Contig12128,1323
292666_soapGraphK61,1173
279241_soapGraphK61,720
545741_soapGraphK41,731
550591_soapGraphK41,830
259481_soapGraphK61,507
379218_soapGraphK51,581
296650_soapGraphK61,1644
729379_soapGraphK31,621
Contig2250,562
387522_soapGraphK51,677
385040_soapGraphK51,644
277089_soapGraphK61,685
402676_soapGraphK51,1044
382996_soapGraphK51,620
279807_soapGraphK61,730
535773_soapGraphK41,598
275125_soapGraphK61,656
386478_soapGraphK51,662
388682_soapGraphK51,694
266519_soapGraphK61,561
270655_soapGraphK61,602
393084_soapGraphK51,771
279883_soapGraphK61,731
741728_soapGraphK31,821
542569_soapGraphK41,680
371478_soapGraphK51,518
390552_soapGraphK51,724
269639_soapGraphK61,591
286608_soapGraphK61,888
284036_soapGraphK61,814
537475_soapGraphK41,617
280757_soapGraphK61,746
263203_soapGraphK61,533
271711_soapGraphK61,614
268895_soapGraphK61,583
402742_soapGraphK51,1048
402210_soapGraphK51,1027
401212_soapGraphK51,986
294820_soapGraphK61,1372
260517_soapGraphK61,514
282714_soapGraphK61,785
270911_soapGraphK61,605
288656_soapGraphK61,956
390666_soapGraphK51,725
558389_soapGraphK41,1086
370280_soapGraphK51,510
292820_soapGraphK61,1184
402230_soapGraphK51,1027
540429_soapGraphK41,652
387218_soapGraphK51,673
293140_soapGraphK61,1206
533679_soapGraphK41,577
546157_soapGraphK41,739
Contig12578,2550
Contig12572,2502
Contig12576,2540
540929_soapGraphK41,658
294374_soapGraphK61,1315
276651_soapGraphK61,678
296760_soapGraphK61,1670
373200_soapGraphK51,530
406112_soapGraphK51,1232
407842_soapGraphK51,1383
267713_soapGraphK61,572
Contig11491,879
372000_soapGraphK51,522
400922_soapGraphK51,976
278785_soapGraphK61,712
274707_soapGraphK61,651
296586_soapGraphK61,1635
387454_soapGraphK51,676
531378_soapGraphK41,556
384782_soapGraphK51,641
274135_soapGraphK61,643
382050_soapGraphK51,609
296490_soapGraphK61,1610
382636_soapGraphK51,616
289074_soapGraphK61,974
384014_soapGraphK51,632
268125_soapGraphK61,576
268179_soapGraphK61,576
375880_soapGraphK51,552
381204_soapGraphK51,601
275001_soapGraphK61,654
287056_soapGraphK61,903
394638_soapGraphK51,804
284294_soapGraphK61,821
264427_soapGraphK61,543
292782_soapGraphK61,1181
385704_soapGraphK51,652
277077_soapGraphK61,684
375366_soapGraphK51,548
295002_soapGraphK61,1396
382790_soapGraphK51,618
278967_soapGraphK61,715
280025_soapGraphK61,733
284684_soapGraphK61,831
527920_soapGraphK41,527
371584_soapGraphK51,519
292098_soapGraphK61,1129
394676_soapGraphK51,805
293380_soapGraphK61,1225
387442_soapGraphK51,676
384412_soapGraphK51,637
270081_soapGraphK61,596
269089_soapGraphK61,586
389472_soapGraphK51,706
285944_soapGraphK61,868
262179_soapGraphK61,526
283370_soapGraphK61,800
718317_soapGraphK31,519
Contig1811,548
271759_soapGraphK61,615
384366_soapGraphK51,636
262709_soapGraphK61,530
283470_soapGraphK61,802
278059_soapGraphK61,700
558735_soapGraphK41,1103
369650_soapGraphK51,505
541885_soapGraphK41,671
531734_soapGraphK41,559
528340_soapGraphK41,530
723407_soapGraphK31,560
405148_soapGraphK51,1171
372672_soapGraphK51,526
295006_soapGraphK61,1397
292458_soapGraphK61,1157
376376_soapGraphK51,556
277761_soapGraphK61,695
411034_soapGraphK51,1838
275787_soapGraphK61,665
281908_soapGraphK61,768
276555_soapGraphK61,676
382088_soapGraphK51,610
268061_soapGraphK61,575
294474_soapGraphK61,1328
Contig10770,646
294622_soapGraphK61,1347
285542_soapGraphK61,855
265255_soapGraphK61,550
718997_soapGraphK31,524
370730_soapGraphK51,513
407414_soapGraphK51,1341
263703_soapGraphK61,537
275251_soapGraphK61,658
530760_soapGraphK41,551
Contig12043,1235
538511_soapGraphK41,629
259467_soapGraphK61,506
283648_soapGraphK61,806
403642_soapGraphK51,1089
277079_soapGraphK61,684
272677_soapGraphK61,625
377990_soapGraphK51,570
376244_soapGraphK51,555
279893_soapGraphK61,731
397002_soapGraphK51,858
283614_soapGraphK61,805
274329_soapGraphK61,645
277431_soapGraphK61,690
260717_soapGraphK61,515
Contig3151,846
272161_soapGraphK61,619
290030_soapGraphK61,1013
388370_soapGraphK51,689
372866_soapGraphK51,528
283386_soapGraphK61,800
259893_soapGraphK61,510
391856_soapGraphK51,748
401050_soapGraphK51,979
377864_soapGraphK51,569
Contig11883,1085
259403_soapGraphK61,506
401630_soapGraphK51,1002
278365_soapGraphK61,705
380716_soapGraphK51,596
388564_soapGraphK51,692
Contig12284,1540
Contig12281,1647
527521_soapGraphK41,525
291108_soapGraphK61,1067
390608_soapGraphK51,724
296078_soapGraphK61,1542
268619_soapGraphK61,581
381992_soapGraphK51,609
291096_soapGraphK61,1067
276861_soapGraphK61,681
387594_soapGraphK51,678
268259_soapGraphK61,577
715883_soapGraphK31,502
291770_soapGraphK61,1107
262629_soapGraphK61,529
262473_soapGraphK61,528
395952_soapGraphK51,833
524199_soapGraphK41,500
286920_soapGraphK61,899
291496_soapGraphK61,1090
267415_soapGraphK61,569
536289_soapGraphK41,604
294724_soapGraphK61,1359
375484_soapGraphK51,549
552143_soapGraphK41,868
269219_soapGraphK61,587
279651_soapGraphK61,727
275155_soapGraphK61,657
279921_soapGraphK61,731
389498_soapGraphK51,707
384870_soapGraphK51,642
384788_soapGraphK51,641
269173_soapGraphK61,587
Contig6535,856
288382_soapGraphK61,946
261439_soapGraphK61,520
402720_soapGraphK51,1046
286734_soapGraphK61,892
533421_soapGraphK41,574
555243_soapGraphK41,954
275693_soapGraphK61,663
Contig1617,514
393592_soapGraphK51,782
369926_soapGraphK51,507
267525_soapGraphK61,570
275047_soapGraphK61,655
285714_soapGraphK61,861
289822_soapGraphK61,1004
396868_soapGraphK51,855
280165_soapGraphK61,736
386016_soapGraphK51,656
277877_soapGraphK61,697
261631_soapGraphK61,522
Contig11599,1864
276153_soapGraphK61,671
384518_soapGraphK51,638
272157_soapGraphK61,619
292742_soapGraphK61,1177
394722_soapGraphK51,806
260693_soapGraphK61,515
391506_soapGraphK51,741
544803_soapGraphK41,714
268373_soapGraphK61,578
273867_soapGraphK61,640
289070_soapGraphK61,974
287542_soapGraphK61,918
541149_soapGraphK41,661
275205_soapGraphK61,657
284308_soapGraphK61,821
372358_soapGraphK51,524
285156_soapGraphK61,843
391406_soapGraphK51,739
268257_soapGraphK61,577
281862_soapGraphK61,767
284486_soapGraphK61,826
738024_soapGraphK31,745
266659_soapGraphK61,562
293884_soapGraphK61,1271
270465_soapGraphK61,600
384446_soapGraphK51,637
396992_soapGraphK51,858
391152_soapGraphK51,734
270001_soapGraphK61,595
280873_soapGraphK61,749
372912_soapGraphK51,528
292038_soapGraphK61,1124
273391_soapGraphK61,634
400466_soapGraphK51,958
264237_soapGraphK61,542
719469_soapGraphK31,528
273101_soapGraphK61,630
274733_soapGraphK61,651
258981_soapGraphK61,503
377654_soapGraphK51,567
393826_soapGraphK51,786
550379_soapGraphK41,824
296456_soapGraphK61,1605
290706_soapGraphK61,1046
289630_soapGraphK61,996
551651_soapGraphK41,854
266227_soapGraphK61,559
375238_soapGraphK51,547
382546_soapGraphK51,615
284864_soapGraphK61,835
289484_soapGraphK61,990
382474_soapGraphK51,614
263981_soapGraphK61,539
278679_soapGraphK61,710
284450_soapGraphK61,825
261083_soapGraphK61,518
271897_soapGraphK61,616
Contig12204,1427
278711_soapGraphK61,711
544497_soapGraphK41,709
397730_soapGraphK51,878
372668_soapGraphK51,526
268523_soapGraphK61,580
274201_soapGraphK61,644
Contig43793,696
401524_soapGraphK51,999
544831_soapGraphK41,715
377490_soapGraphK51,566
276349_soapGraphK61,673
286052_soapGraphK61,871
Contig10546,681
384734_soapGraphK51,640
524333_soapGraphK41,501
298068_soapGraphK61,2072
756313_soapGraphK31,1509
260177_soapGraphK61,512
397706_soapGraphK51,877
265189_soapGraphK61,550
381230_soapGraphK51,601
380688_soapGraphK51,596
283086_soapGraphK61,793
547909_soapGraphK41,771
284084_soapGraphK61,816
540351_soapGraphK41,651
385500_soapGraphK51,650
285974_soapGraphK61,868
398438_soapGraphK51,898
385402_soapGraphK51,648
289420_soapGraphK61,987
269967_soapGraphK61,595
262137_soapGraphK61,526
397862_soapGraphK51,881
270577_soapGraphK61,601
Contig11967,1724
259721_soapGraphK61,508
371214_soapGraphK51,516
Contig6922,1192
732936_soapGraphK31,666
392372_soapGraphK51,757
370700_soapGraphK51,512
Contig12435,1857
275039_soapGraphK61,655
387184_soapGraphK51,672
399476_soapGraphK51,927
371164_soapGraphK51,516
397106_soapGraphK51,861
279495_soapGraphK61,724
410176_soapGraphK51,1680
530522_soapGraphK41,548
Contig5526,1004
277543_soapGraphK61,692
377156_soapGraphK51,563
282230_soapGraphK61,774
284766_soapGraphK61,832
293102_soapGraphK61,1204
275849_soapGraphK61,666
283622_soapGraphK61,805
393444_soapGraphK51,779
533257_soapGraphK41,573
269075_soapGraphK61,586
543737_soapGraphK41,697
390118_soapGraphK51,716
395042_soapGraphK51,812
386760_soapGraphK51,666
287390_soapGraphK61,914
297468_soapGraphK61,1837
527848_soapGraphK41,527
259837_soapGraphK61,509
261429_soapGraphK61,520
410604_soapGraphK51,1753
530232_soapGraphK41,545
375158_soapGraphK51,546
369538_soapGraphK51,504
371556_soapGraphK51,519
400248_soapGraphK51,952
373742_soapGraphK51,535
Contig12667,3413
260247_soapGraphK61,512
284532_soapGraphK61,827
390758_soapGraphK51,727
297128_soapGraphK61,1751
383892_soapGraphK51,630
283104_soapGraphK61,794
391266_soapGraphK51,736
282504_soapGraphK61,780
274189_soapGraphK61,644
370476_soapGraphK51,511
401088_soapGraphK51,981
262475_soapGraphK61,528
287740_soapGraphK61,924
281974_soapGraphK61,769
269369_soapGraphK61,589
295690_soapGraphK61,1489
293212_soapGraphK61,1212
392662_soapGraphK51,763
372198_soapGraphK51,523
292594_soapGraphK61,1167
Contig6402,821
Contig3436,1039
276727_soapGraphK61,679
407636_soapGraphK51,1362
284402_soapGraphK61,823
293920_soapGraphK61,1274
Contig10896,678
387598_soapGraphK51,678
270693_soapGraphK61,603
279511_soapGraphK61,724
373090_soapGraphK51,530
Contig11855,1067
262293_soapGraphK61,526
545185_soapGraphK41,721
275167_soapGraphK61,657
Contig6896,1166
371346_soapGraphK51,517
293092_soapGraphK61,1203
298888_soapGraphK61,2625
536671_soapGraphK41,608
393516_soapGraphK51,780
525511_soapGraphK41,509
404288_soapGraphK51,1123
532105_soapGraphK41,562
403050_soapGraphK51,1062
271053_soapGraphK61,607
295038_soapGraphK61,1401
274269_soapGraphK61,644
375126_soapGraphK51,546
282268_soapGraphK61,775
546151_soapGraphK41,738
